Source,Target
1_1,1_2
1_1,1_3
1_1,1_4
1_1,3_1
1_1,3_2
1_1,4_78
1_1,6_3
1_1,6_14
1_1,7_180
1_1,9_128
1_1,11_41
1_1,13_28
1_1,14_1
1_1,14_2
1_1,16_53
1_1,17_110
1_1,18_38
1_1,19_65
1_1,20_5
1_1,23_88
1_1,25_59
1_1,25_60
1_1,33_43
1_1,43_45
1_1,43_84
1_1,55_78
1_1,56_74
1_1,59_22
1_1,59_23
1_1,59_24
1_1,76_2
1_1,96_1
1_2,18_46
1_2,25_1
1_2,26_23
1_2,26_24
1_4,2_247
1_4,5_20
1_4,6_73
1_4,11_105
1_4,18_79
1_4,19_40
1_4,20_108
1_4,24_25
1_4,25_26
1_4,37_53
1_4,40_16
1_4,59_23
1_4,69_18
1_4,78_38
1_4,114_1
1_4,114_2
1_5,1_2
1_5,1_3
1_5,1_4
1_5,1_6
1_5,1_7
1_5,11_123
1_5,15_97
1_5,15_98
1_5,15_99
1_5,17_1
1_5,18_1
1_5,67_29
1_5,72_19
1_5,73_9
1_6,3_8
1_6,4_136
1_6,7_43
1_6,16_121
1_6,21_87
1_6,28_24
1_6,37_23
1_6,42_52
1_6,90_10
1_7,1_6
1_7,2_90
1_7,3_7
1_7,4_69
1_7,4_70
1_7,5_2
1_7,5_60
1_7,5_77
1_7,5_78
1_7,5_79
1_7,7_186
1_7,10_88
1_7,10_89
1_7,18_17
1_7,58_14
2_2,2_3
2_2,10_57
2_2,17_82
2_2,32_1
2_2,32_2
2_2,41_44
2_3,2_1
2_3,2_2
2_3,2_5
2_3,9_61
2_3,12_17
2_3,35_28
2_3,50_33
2_3,67_12
2_3,84_25
2_4,2_3
2_4,2_285
2_4,3_199
2_4,4_47
2_4,4_136
2_4,4_152
2_4,5_68
2_4,28_52
2_4,28_53
2_4,28_54
2_4,29_46
2_4,87_1
2_4,87_2
2_4,87_3
2_4,87_4
2_4,87_5
2_5,2_1
2_5,2_2
2_5,2_4
2_5,2_6
2_5,2_7
2_6,2_145
2_6,10_96
2_6,10_97
2_6,11_12
2_6,13_40
2_6,14_28
2_6,14_29
2_7,4_155
2_7,6_110
2_7,42_24
2_7,45_23
2_7,56_22
2_7,61_5
2_7,83_14
2_8,63_1
2_9,4_142
2_9,58_18
2_10,9_101
2_10,9_124
2_10,9_125
2_10,33_60
2_10,33_61
2_10,34_54
2_10,47_17
2_10,47_30
2_10,57_14
2_11,4_144
2_11,4_145
2_11,8_73
2_13,4_5
2_14,6_112
2_15,2_194
2_15,3_54
2_15,3_178
2_15,4_142
2_15,6_110
2_15,9_67
2_15,9_79
2_15,22_46
2_15,42_40
2_15,57_13
2_15,69_11
2_16,41_17
2_16,63_3
2_17,2_8
2_17,29_43
2_17,31_28
2_17,33_19
2_17,62_5
2_17,63_3
2_18,22_46
2_19,9_56
2_19,9_57
2_19,63_4
2_19,85_17
2_19,85_18
2_19,85_19
2_19,85_20
2_20,22_3
2_20,22_8
2_20,22_11
2_20,24_39
2_20,24_40
2_20,57_12
2_20,57_13
2_20,66_8
2_20,76_24
2_22,21_32
2_22,35_27
2_22,35_28
2_22,40_64
2_23,10_37
2_23,10_38
2_23,11_13
2_23,17_88
2_23,28_49
2_24,2_104
2_24,6_115
2_24,7_157
2_24,10_38
2_24,11_1
2_24,17_68
2_24,17_97
2_24,21_98
2_24,26_205
2_24,26_206
2_24,26_207
2_24,29_40
2_24,32_17
2_24,43_71
2_24,67_16
2_24,67_17
2_24,72_15
2_24,103_1
2_24,103_2
2_24,103_3
2_24,108_1
2_26,2_17
2_26,2_19
2_26,6_44
2_26,6_154
2_26,14_24
2_26,14_25
2_26,14_26
2_26,14_27
2_26,16_75
2_26,16_76
2_26,22_73
2_26,29_41
2_26,29_43
2_26,30_28
2_26,39_29
2_26,74_31
2_27,2_40
2_27,7_172
2_27,13_19
2_27,13_20
2_27,13_21
2_27,13_25
2_27,47_22
2_28,16_21
2_28,36_33
2_28,40_11
2_28,45_26
2_28,52_35
2_28,52_36
2_28,76_1
2_29,7_54
2_29,16_15
2_29,21_30
2_29,41_9
2_29,41_10
2_29,41_11
2_29,41_12
2_29,67_14
2_29,68_1
2_29,79_27
2_29,79_28
2_29,79_29
2_29,79_30
2_29,79_31
2_29,79_32
2_30,2_33
2_30,6_165
2_30,10_14
2_30,19_59
2_30,27_62
2_30,41_11
2_30,43_60
2_31,24_45
2_33,11_119
2_33,20_7
2_33,27_25
2_33,27_26
2_33,49_4
2_34,2_30
2_34,2_31
2_34,2_32
2_34,2_33
2_34,2_35
2_34,7_13
2_34,11_43
2_34,12_100
2_34,15_30
2_34,15_31
2_34,17_11
2_34,17_78
2_34,18_50
2_34,21_37
2_34,38_71
2_34,38_72
2_34,44_10
2_34,55_14
2_35,2_32
2_35,2_33
2_36,51_9
2_37,4_110
2_37,7_23
2_37,9_104
2_37,25_71
2_38,20_123
2_38,20_124
2_40,5_12
2_40,5_20
2_40,17_3
2_44,11_88
2_44,39_9
2_44,61_2
2_44,61_3
2_45,18_53
2_45,28_80
2_45,29_45
2_45,41_34
2_45,41_35
2_46,9_67
2_46,69_20
2_47,3_110
2_47,5_20
2_47,44_32
2_48,2_254
2_48,3_91
2_48,5_36
2_48,6_16
2_48,6_70
2_48,14_31
2_48,23_88
2_48,26_100
2_48,26_101
2_48,31_33
2_48,37_24
2_48,37_25
2_48,37_26
2_48,46_28
2_48,57_15
2_48,74_48
2_48,80_37
2_48,86_10
2_48,89_25
2_48,89_26
2_49,2_47
2_49,7_168
2_49,14_5
2_49,14_6
2_49,21_35
2_50,26_63
2_51,7_142
2_53,28_43
2_54,7_149
2_55,7_155
2_55,7_156
2_57,2_60
2_57,2_210
2_57,34_15
2_58,5_21
2_58,110_1
2_58,110_2
2_59,2_142
2_59,110_3
2_60,7_160
2_61,76_15
2_61,76_16
2_62,3_52
2_62,3_85
2_62,7_156
2_62,10_62
2_62,41_30
2_63,7_171
2_65,5_60
2_65,5_78
2_65,7_163
2_65,7_164
2_65,7_166
2_65,62_5
2_66,13_31
2_66,13_41
2_66,21_44
2_66,46_27
2_66,79_25
2_67,2_68
2_67,2_69
2_67,2_70
2_67,2_71
2_67,2_72
2_73,2_56
2_73,36_33
2_73,36_34
2_73,36_35
2_74,2_17
2_74,2_19
2_74,4_77
2_74,16_48
2_74,17_44
2_74,18_77
2_74,24_39
2_74,24_40
2_74,33_72
2_74,34_24
2_74,37_147
2_74,41_11
2_74,41_21
2_74,53_9
2_74,55_6
2_74,57_16
2_74,59_21
2_74,76_24
2_75,2_44
2_75,5_13
2_75,9_6
2_76,2_77
2_76,3_72
2_78,29_48
2_78,62_2
2_80,2_82
2_81,4_123
2_81,4_124
2_83,4_36
2_83,16_36
2_83,17_23
2_83,17_26
2_83,21_25
2_83,31_14
2_84,2_54
2_87,3_50
2_87,5_44
2_87,5_110
2_87,23_44
2_87,26_193
2_87,26_194
2_87,26_195
2_87,42_52
2_88,4_155
2_88,41_5
2_90,40_60
2_91,2_87
2_91,2_146
2_92,7_148
2_92,7_149
2_96,3_61
2_96,19_75
2_96,62_6
2_96,62_7
2_96,62_8
2_97,4_150
2_97,4_151
2_97,12_66
2_97,17_82
2_97,19_64
2_97,26_192
2_97,26_193
2_97,26_194
2_97,41_44
2_98,22_75
2_101,7_157
2_102,2_30
2_102,2_101
2_102,2_246
2_102,2_251
2_102,4_11
2_102,7_116
2_102,7_155
2_102,20_66
2_102,20_116
2_102,21_3
2_102,26_153
2_102,28_80
2_102,39_6
2_102,39_9
2_102,40_7
2_102,40_13
2_102,42_5
2_102,57_25
2_104,4_46
2_106,2_187
2_106,18_24
2_106,87_6
2_106,3_93
2_107,7_54
2_108,2_217
2_108,2_219
2_108,2_220
2_108,4_110
2_108,4_153
2_108,5_101
2_108,14_28
2_108,14_29
2_109,3_186
2_109,9_5
2_109,9_29
2_110,40_52
2_111,5_18
2_112,3_20
2_112,4_142
2_112,18_110
2_112,24_39
2_112,25_23
2_112,107_4
2_112,107_5
2_112,107_6
2_112,107_7
2_113,22_17
2_113,34_26
2_114,8_34
2_114,9_17
2_114,9_18
2_114,9_28
2_114,48_25
2_115,2_142
2_115,2_144
2_115,2_150
2_115,3_199
2_115,40_60
2_115,58_7
2_116,6_101
2_116,13_15
2_116,19_88
2_116,19_89
2_116,19_90
2_116,19_91
2_116,19_92
2_116,19_93
2_116,19_94
2_116,19_95
2_116,112_1
2_116,112_2
2_116,112_3
2_116,112_4
2_117,3_59
2_117,16_40
2_117,36_82
2_117,54_50
2_118,2_55
2_118,4_153
2_118,6_124
2_118,10_96
2_118,10_97
2_118,17_90
2_118,17_91
2_118,17_92
2_118,17_93
2_118,25_21
2_118,51_52
2_118,51_53
2_118,74_52
2_119,13_40
2_119,50_45
2_119,88_21
2_119,88_22
2_120,109_6
2_121,3_20
2_121,5_66
2_121,5_68
2_121,7_157
2_121,11_17
2_121,17_107
2_121,17_108
2_121,28_52
2_121,28_53
2_121,28_54
2_121,91_2
2_124,2_125
2_124,2_127
2_124,2_128
2_124,2_129
2_124,2_131
2_124,3_67
2_124,3_68
2_124,6_115
2_124,6_161
2_124,9_112
2_124,16_120
2_124,16_121
2_124,16_122
2_124,16_123
2_124,29_27
2_124,30_17
2_124,33_35
2_124,37_113
2_124,53_37
2_124,66_12
2_125,3_96
2_125,3_97
2_125,5_97
2_125,9_84
2_125,9_109
2_125,14_37
2_125,14_40
2_125,22_25
2_125,22_26
2_125,24_36
2_125,53_4
2_125,66_5
2_126,2_129
2_126,3_97
2_126,10_69
2_126,10_70
2_126,11_102
2_126,14_39
2_126,17_20
2_126,22_48
2_126,29_67
2_126,31_23
2_126,31_24
2_126,43_33
2_126,43_34
2_126,43_35
2_127,14_37
2_127,22_26
2_127,23_60
2_128,2_124
2_128,2_129
2_128,7_158
2_128,7_159
2_128,14_35
2_128,25_74
2_128,62_2
2_129,61_6
2_130,3_67
2_130,3_68
2_130,6_78
2_130,6_79
2_130,9_114
2_130,16_120
2_130,16_121
2_130,16_122
2_130,31_13
2_130,43_26
2_130,43_27
2_132,11_71
2_132,21_72
2_132,29_27
2_132,43_28
2_132,92_5
2_132,92_6
2_132,92_7
2_132,92_8
2_132,92_9
2_132,92_10
2_133,3_83
2_133,21_25
2_136,3_52
2_136,4_150
2_136,4_151
2_136,5_20
2_136,7_160
2_138,2_135
2_138,2_136
2_138,4_36
2_138,30_30
2_139,2_258
2_139,3_20
2_139,6_80
2_139,10_41
2_140,3_67
2_142,2_144
2_142,2_177
2_143,9_124
2_143,9_125
2_143,17_82
2_143,22_78
2_143,41_44
2_144,2_115
2_144,2_142
2_144,2_143
2_145,10_96
2_145,10_97
2_148,5_48
2_150,2_144
2_151,3_164
2_151,14_28
2_152,3_102
2_152,14_7
2_153,2_45
2_153,39_10
2_155,16_112
2_155,47_31
2_158,4_40
2_163,3_1
2_163,3_2
2_163,2_163
2_164,3_190
2_164,3_191
2_164,11_6
2_164,22_61
2_164,36_33
2_164,36_34
2_164,36_35
2_164,36_36
2_164,36_40
2_165,89_25
2_165,89_26
2_166,14_22
2_166,19_81
2_166,19_82
2_166,28_63
2_166,29_25
2_166,34_31
2_166,34_32
2_166,34_33
2_166,34_41
2_166,46_5
2_166,46_6
2_167,14_18
2_167,24_39
2_167,25_23
2_168,18_50
2_168,35_6
2_171,6_39
2_171,16_60
2_172,23_51
2_173,5_96
2_174,4_10
2_177,3_92
2_177,13_20
2_177,22_37
2_177,41_6
2_177,41_7
2_177,59_9
2_177,76_8
2_177,76_9
2_177,79_18
2_177,79_19
2_177,91_9
2_177,91_10
2_178,5_45
2_180,4_7
2_180,4_11
2_182,2_229
2_183,2_144
2_183,5_48
2_184,2_185
2_184,2_187
2_185,2_200
2_185,4_103
2_185,25_32
2_185,25_33
2_185,44_3
2_185,50_39
2_185,50_40
2_185,62_10
2_185,97_1
2_186,16_128
2_186,20_46
2_186,40_60
2_187,57_9
2_187,65_2
2_190,9_5
2_190,9_36
2_190,22_39
2_191,9_5
2_191,48_24
2_191,48_25
2_193,2_194
2_193,42_40
2_194,16_126
2_194,49_9
2_195,4_84
2_196,2_197
2_196,6_38
2_196,7_142
2_196,29_48
2_197,2_187
2_197,2_189
2_197,2_203
2_197,6_145
2_197,7_26
2_197,9_36
2_197,22_25
2_200,2_74
2_200,4_77
2_200,37_147
2_200,53_9
2_203,23_79
2_204,4_108
2_204,19_97
2_204,63_1
2_205,62_9
2_205,79_22
2_205,79_23
2_205,79_24
2_205,79_25
2_205,79_26
2_206,22_72
2_207,9_111
2_208,2_169
2_208,35_6
2_210,6_158
2_210,25_25
2_210,89_21
2_210,89_22
2_210,89_23
2_211,14_28
2_211,14_29
2_212,34_39
2_214,29_1
2_214,29_2
2_214,29_3
2_214,33_10
2_214,33_11
2_214,33_12
2_214,43_8
2_214,94_5
2_214,94_6
2_219,2_220
2_219,3_190
2_219,4_43
2_219,5_90
2_219,5_91
2_220,4_10
2_220,6_152
2_220,17_34
2_221,5_5
2_221,60_10
2_222,5_2
2_222,9_5
2_222,62_10
2_223,7_80
2_223,26_165
2_223,26_166
2_224,24_22
2_225,5_89
2_228,4_34
2_228,65_1
2_229,2_228
2_229,4_4
2_229,4_19
2_229,4_20
2_233,4_23
2_233,31_14
2_233,46_15
2_233,65_6
2_233,65_7
2_234,2_240
2_234,65_4
2_235,28_69
2_235,60_1
2_236,2_241
2_236,33_28
2_236,33_49
2_238,6_55
2_238,6_75
2_238,33_40
2_238,87_1
2_238,87_2
2_238,87_3
2_238,87_4
2_239,4_102
2_239,4_103
2_240,2_234
2_240,4_11
2_240,4_12
2_240,33_49
2_242,2_236
2_244,3_168
2_244,4_77
2_244,4_78
2_245,2_261
2_245,9_38
2_245,39_10
2_245,112_1
2_251,22_40
2_253,17_55
2_254,23_101
2_255,3_1
2_255,3_2
2_255,13_9
2_255,19_64
2_255,19_93
2_255,19_94
2_255,19_95
2_255,20_110
2_255,20_111
2_255,21_28
2_255,30_25
2_255,34_23
2_255,40_1
2_255,40_3
2_255,53_26
2_256,9_123
2_256,13_11
2_256,48_16
2_256,66_9
2_257,6_1
2_257,6_153
2_257,16_48
2_258,28_38
2_260,39_53
2_261,2_245
2_261,39_10
2_266,29_43
2_267,3_92
2_267,22_37
2_271,63_10
2_272,41_46
2_272,45_15
2_272,60_8
2_273,4_101
2_273,15_75
2_273,47_30
2_273,48_29
2_273,73_20
2_275,2_230
2_275,5_95
2_275,12_76
2_276,5_100
2_276,8_37
2_276,30_39
2_282,8_29
2_282,57_28
2_283,4_135
2_283,5_106
2_284,2_285
2_284,2_286
2_284,3_29
2_284,11_18
2_284,20_7
2_286,2_255
2_286,4_123
2_286,53_16
2_286,53_39
2_286,53_40
2_286,53_41
3_1,2_1
3_2,2_255
3_6,39_6
3_7,3_59
3_7,3_106
3_7,4_82
3_7,6_151
3_7,7_53
3_7,12_36
3_7,12_100
3_7,17_23
3_7,39_23
3_7,43_59
3_7,59_8
3_7,59_10
3_7,89_22
3_7,112_1
3_10,3_196
3_10,3_197
3_10,9_85
3_10,21_98
3_10,40_52
3_13,3_123
3_13,8_42
3_13,8_44
3_14,8_60
3_15,9_72
3_17,12_98
3_18,4_166
3_19,3_85
3_20,3_85
3_20,7_158
3_20,12_108
3_20,21_23
3_20,25_1
3_26,6_124
3_26,17_21
3_26,43_31
3_26,43_32
3_28,4_144
3_28,5_51
3_28,8_73
3_28,16_106
3_28,60_1
3_30,43_38
3_30,75_13
3_32,3_81
3_39,28_7
3_41,19_10
3_43,2_116
3_45,3_39
3_47,54_50
3_50,43_63
3_55,4_156
3_55,4_157
3_55,4_158
3_55,4_159
3_55,6_60
3_55,24_55
3_55,39_42
3_56,13_34
3_58,19_34
3_58,19_35
3_59,19_21
3_61,9_29
3_64,2_125
3_64,16_36
3_64,21_25
3_64,66_5
3_67,2_135
3_79,9_31
3_80,16_36
3_80,21_25
3_80,21_29
3_80,43_45
3_83,13_15
3_83,16_48
3_83,16_49
3_83,16_50
3_83,31_25
3_90,4_18
3_91,2_123
3_91,2_254
3_91,5_36
3_91,14_31
3_93,2_97
3_93,2_177
3_93,3_92
3_93,12_66
3_93,76_8
3_95,6_161
3_95,16_123
3_97,2_125
3_97,2_196
3_97,3_85
3_97,5_101
3_97,29_67
3_97,106_3
3_97,106_4
3_100,2_109
3_101,57_8
3_102,64_16
3_103,3_112
3_103,8_62
3_103,8_63
3_110,2_143
3_110,5_79
3_110,56_39
3_110,56_40
3_114,3_199
3_123,9_25
3_123,9_26
3_123,9_27
3_124,3_123
3_125,3_121
3_125,8_9
3_125,8_10
3_126,47_4
3_126,47_5
3_126,47_6
3_128,2_272
3_128,13_40
3_128,28_56
3_133,55_54
3_133,57_21
3_134,2_274
3_135,4_110
3_135,9_104
3_142,2_214
3_142,29_1
3_142,29_2
3_142,29_3
3_145,6_2
3_145,17_18
3_145,17_19
3_145,35_11
3_145,42_20
3_153,20_71
3_154,8_11
3_154,48_12
3_159,4_155
3_159,9_128
3_159,23_40
3_160,3_126
3_162,13_19
3_162,28_61
3_164,6_130
3_164,6_132
3_164,12_109
3_164,18_110
3_164,25_20
3_164,30_21
3_173,74_8
3_175,3_173
3_175,4_76
3_175,22_40
3_175,39_36
3_175,39_38
3_175,40_51
3_175,40_52
3_175,47_7
3_175,58_19
3_175,58_21
3_178,9_55
3_178,23_55
3_178,23_56
3_178,68_44
3_179,72_26
3_179,72_27
3_181,2_245
3_185,3_102
3_185,13_26
3_185,16_96
3_185,28_60
3_185,55_26
3_185,55_27
3_185,87_16
3_185,87_17
3_186,2_109
3_186,2_155
3_186,2_156
3_190,12_105
3_190,12_106
3_191,28_88
3_195,2_186
3_195,60_1
3_195,85_8
3_197,10_69
3_197,10_70
3_197,28_61
3_197,31_24
3_197,40_4
3_197,86_17
3_198,3_178
3_199,2_121
3_199,3_113
3_199,5_82
3_199,5_83
3_199,5_84
3_199,5_85
3_199,7_159
3_199,17_107
3_199,17_108
3_199,17_109
3_199,28_52
3_199,28_53
3_199,28_54
3_200,19_71
4_1,59_18
4_1,85_9
4_3,4_127
4_3,4_129
4_3,9_28
4_3,35_1
4_6,17_34
4_8,4_11
4_8,6_141
4_8,47_10
4_8,68_17
4_8,68_23
4_8,68_24
4_10,2_220
4_11,8_12
4_12,4_58
4_14,4_12
4_18,6_158
4_18,40_84
4_18,40_85
4_19,2_228
4_19,2_229
4_19,33_21
4_22,4_23
4_22,6_151
4_22,17_32
4_23,2_233
4_23,4_11
4_23,4_24
4_23,24_33
4_23,33_4
4_23,33_37
4_23,33_40
4_23,44_56
4_24,2_229
4_24,4_4
4_24,4_21
4_25,5_5
4_25,24_2
4_25,33_56
4_29,6_151
4_29,24_61
4_29,44_56
4_31,2_275
4_31,3_77
4_31,4_10
4_31,4_93
4_31,8_15
4_31,22_31
4_31,24_23
4_31,25_68
4_31,25_70
4_31,47_25
4_31,60_12
4_32,3_195
4_33,8_75
4_33,33_6
4_34,2_228
4_36,17_23
4_36,19_32
4_36,31_14
4_37,4_38
4_37,100_6
4_37,100_7
4_37,100_8
4_40,6_160
4_40,21_47
4_40,23_101
4_40,31_16
4_40,99_6
4_40,99_7
4_40,99_8
4_41,16_89
4_41,39_69
4_42,6_23
4_42,78_40
4_43,2_135
4_43,2_219
4_43,2_237
4_43,3_102
4_43,5_6
4_43,5_38
4_43,5_90
4_43,5_91
4_43,6_7
4_43,11_114
4_43,18_40
4_43,33_49
4_43,109_1
4_46,2_88
4_46,2_104
4_46,22_30
4_47,36_8
4_47,36_9
4_47,62_5
4_48,5_72
4_48,31_13
4_48,31_14
4_48,39_53
4_49,2_111
4_49,5_18
4_49,53_32
4_50,2_80
4_50,2_141
4_51,4_54
4_51,108_3
4_52,33_25
4_54,17_100
4_59,4_29
4_59,5_63
4_59,16_43
4_59,42_10
4_61,24_51
4_61,31_21
4_62,4_60
4_62,5_52
4_69,76_1
4_69,76_20
4_75,4_98
4_75,47_13
4_77,47_20
4_77,47_21
4_78,3_185
4_78,7_131
4_78,21_34
4_78,22_11
4_78,22_45
4_79,42_30
4_81,24_47
4_82,3_7
4_82,47_24
4_84,2_195
4_84,47_4
4_90,9_5
4_91,2_14
4_93,4_48
4_93,6_151
4_93,17_33
4_93,25_68
4_93,25_69
4_93,25_70
4_93,39_53
4_94,8_26
4_97,2_8
4_101,4_23
4_101,4_102
4_101,5_3
4_101,24_33
4_101,73_20
4_102,4_101
4_102,9_103
4_103,9_36
4_104,3_140
4_109,4_116
4_110,3_135
4_110,4_123
4_111,35_18
4_113,28_86
4_113,42_52
4_113,42_53
4_114,78_38
4_114,103_1
4_114,103_2
4_114,103_3
4_115,6_110
4_115,18_53
4_115,37_22
4_115,37_23
4_115,61_5
4_115,68_44
4_116,4_48
4_117,34_41
4_117,36_60
4_117,37_158
4_117,37_159
4_117,43_19
4_117,53_19
4_117,53_20
4_117,53_21
4_117,53_22
4_117,53_23
4_120,14_22
4_120,30_30
4_120,59_7
4_123,2_80
4_123,2_111
4_123,34_17
4_123,99_7
4_123,99_8
4_125,2_124
4_125,3_68
4_125,6_161
4_125,16_120
4_125,16_121
4_125,16_122
4_125,16_123
4_125,46_16
4_125,53_37
4_127,4_3
4_127,4_11
4_131,14_8
4_131,64_6
4_133,14_19
4_133,14_20
4_133,47_38
4_134,2_200
4_134,2_201
4_134,2_202
4_134,11_15
4_134,11_16
4_134,17_18
4_134,17_19
4_134,17_20
4_134,17_21
4_134,42_20
4_135,2_283
4_135,3_78
4_135,5_8
4_136,1_6
4_136,57_28
4_139,35_10
4_139,63_8
4_140,6_68
4_140,6_69
4_141,5_52
4_141,40_51
4_141,40_52
4_141,58_19
4_142,2_9
4_142,9_54
4_142,57_13
4_142,57_14
4_142,57_15
4_142,58_18
4_143,2_20
4_143,7_186
4_143,18_17
4_144,3_28
4_148,42_41
4_151,2_61
4_152,2_285
4_153,2_55
4_153,2_56
4_153,7_138
4_153,7_139
4_153,17_90
4_154,7_163
4_154,7_171
4_154,17_101
4_155,41_5
4_157,3_55
4_157,15_6
4_158,4_18
4_159,5_116
4_159,5_117
4_159,5_118
4_159,21_96
4_159,21_97
4_159,37_24
4_159,40_84
4_159,43_61
4_159,68_42
4_159,73_17
4_160,3_93
4_160,6_146
4_162,2_177
4_163,4_153
4_163,4_156
4_163,6_91
4_164,7_143
4_164,87_14
4_164,87_15
4_164,87_16
4_164,87_17
4_164,87_18
4_164,87_19
4_165,20_134
4_165,28_47
4_166,2_255
4_166,20_110
4_166,41_42
4_170,14_8
4_171,3_45
4_171,3_59
4_171,5_17
4_171,5_73
4_171,5_75
4_171,5_116
4_171,6_101
4_171,9_31
4_171,11_64
4_171,19_88
4_171,19_89
4_171,19_90
4_171,19_91
4_171,19_92
4_171,19_93
4_171,19_94
4_171,19_95
4_171,21_91
4_171,22_26
4_171,28_86
4_171,43_59
4_171,45_13
4_171,66_12
4_172,21_26
4_172,21_27
4_172,21_28
4_172,21_29
4_173,40_60
4_176,2_173
4_176,2_217
4_176,4_12
4_176,5_3
4_176,9_36
4_176,13_25
4_176,28_88
4_176,55_26
4_176,55_27
5_1,2_173
5_1,5_3
5_1,5_4
5_1,13_25
5_1,58_13
5_2,2_198
5_2,2_217
5_2,5_8
5_2,5_42
5_2,9_5
5_2,9_17
5_2,9_18
5_2,9_28
5_2,9_36
5_2,22_32
5_3,2_173
5_3,5_4
5_3,5_90
5_3,5_91
5_3,6_115
5_3,6_145
5_4,6_60
5_4,6_119
5_4,7_157
5_5,2_221
5_5,3_20
5_5,4_25
5_5,6_121
5_5,9_29
5_5,24_3
5_5,98_1
5_6,2_158
5_6,4_2
5_6,76_21
5_7,7_172
5_7,57_8
5_8,24_28
5_8,25_24
5_13,9_29
5_18,3_24
5_19,18_25
5_20,2_143
5_20,3_110
5_20,7_138
5_20,7_139
5_20,7_140
5_20,45_16
5_22,11_43
5_22,26_119
5_22,26_120
5_22,71_26
5_26,5_18
5_27,3_62
5_27,18_13
5_27,19_34
5_32,2_84
5_32,2_85
5_33,2_196
5_33,2_205
5_33,5_89
5_33,5_95
5_33,9_43
5_34,39_53
5_35,17_57
5_41,3_93
5_41,5_42
5_41,5_44
5_41,5_45
5_41,5_47
5_42,5_49
5_44,5_45
5_44,5_47
5_45,5_44
5_46,3_50
5_47,5_68
5_47,7_157
5_48,15_9
5_48,16_36
5_48,17_107
5_48,17_108
5_48,21_25
5_49,6_116
5_49,12_103
5_54,4_133
5_54,14_19
5_54,14_20
5_54,47_38
5_54,48_29
5_56,58_21
5_56,58_22
5_57,3_28
5_57,22_30
5_59,9_74
5_59,85_8
5_64,3_112
5_64,3_181
5_64,4_53
5_64,4_54
5_64,4_55
5_64,14_34
5_64,17_29
5_64,17_82
5_64,25_24
5_64,41_44
5_65,7_96
5_65,30_41
5_66,7_159
5_66,7_181
5_66,35_32
5_66,35_33
5_66,57_27
5_67,2_272
5_67,13_40
5_67,33_37
5_72,4_48
5_72,7_50
5_72,19_30
5_72,19_36
5_73,5_116
5_73,9_30
5_75,12_109
5_75,28_7
5_75,43_59
5_79,5_63
5_79,5_105
5_82,57_27
5_84,3_199
5_84,28_52
5_84,28_53
5_84,28_54
5_84,28_55
5_87,7_31
5_87,25_67
5_87,66_1
5_87,66_2
5_89,2_184
5_90,2_219
5_90,4_43
5_93,2_143
5_94,67_12
5_101,3_97
5_102,6_109
5_102,6_110
5_102,6_111
5_102,17_59
5_103,6_136
5_109,7_6
5_109,15_92
5_109,15_93
5_110,32_1
5_110,32_2
5_110,67_1
5_111,16_68
5_111,16_69
5_111,28_7
5_115,4_145
5_115,5_112
5_115,5_113
5_115,5_114
5_115,40_46
5_116,5_110
5_116,5_119
5_119,9_72
5_119,37_61
5_119,83_26
6_1,6_153
6_1,16_48
6_2,6_60
6_2,7_187
6_2,79_42
6_2,79_43
6_2,79_44
6_3,43_84
6_7,15_14
6_7,15_15
6_7,52_44
6_8,15_8
6_8,25_22
6_9,3_164
6_9,17_95
6_14,39_64
6_14,51_56
6_14,51_57
6_14,51_58
6_16,3_185
6_17,35_2
6_19,6_150
6_19,11_17
6_22,28_62
6_23,40_73
6_23,40_74
6_23,58_18
6_25,2_171
6_25,8_23
6_28,6_23
6_28,6_24
6_28,6_27
6_28,17_102
6_28,27_14
6_28,29_11
6_30,52_15
6_33,18_6
6_33,26_3
6_33,35_8
6_34,37_171
6_34,37_172
6_34,37_173
6_34,58_21
6_35,10_99
6_36,36_70
6_37,17_59
6_37,17_90
6_37,26_4
6_38,11_6
6_38,29_60
6_38,78_40
6_38,81_5
6_39,2_17
6_39,2_18
6_39,24_40
6_41,17_67
6_46,8_24
6_46,10_31
6_46,67_23
6_49,6_82
6_50,13_19
6_51,13_21
6_51,23_57
6_52,6_53
6_52,18_28
6_52,26_111
6_52,26_112
6_52,26_113
6_52,40_60
6_53,6_51
6_53,6_52
6_53,11_27
6_53,19_73
6_53,19_74
6_53,29_69
6_53,46_11
6_54,7_156
6_59,31_34
6_59,40_19
6_60,3_55
6_60,13_10
6_60,28_73
6_60,39_42
6_60,78_10
6_60,78_11
6_61,13_11
6_61,14_27
6_61,50_17
6_61,50_18
6_61,82_10
6_61,82_11
6_61,82_12
6_62,18_47
6_62,18_49
6_62,56_49
6_62,56_50
6_63,10_22
6_63,17_67
6_63,27_63
6_65,17_66
6_65,17_67
6_65,17_68
6_65,17_69
6_65,67_16
6_65,67_17
6_65,67_18
6_66,18_29
6_67,13_38
6_67,38_88
6_68,4_140
6_69,4_140
6_70,2_254
6_70,3_91
6_70,74_38
6_70,74_39
6_71,14_37
6_71,16_37
6_71,39_37
6_73,14_48
6_73,20_107
6_73,21_99
6_73,22_1
6_73,22_2
6_73,25_26
6_73,27_87
6_73,36_59
6_73,36_60
6_73,36_61
6_73,36_62
6_73,36_63
6_73,38_15
6_73,40_16
6_73,40_32
6_73,45_28
6_73,54_8
6_73,78_40
6_73,79_6
6_73,79_7
6_73,79_8
6_74,9_114
6_74,19_41
6_74,19_42
6_74,19_43
6_74,19_44
6_74,19_45
6_74,19_46
6_74,19_47
6_74,19_48
6_75,6_55
6_75,7_185
6_75,10_101
6_75,34_9
6_79,6_161
6_79,7_54
6_79,7_172
6_79,16_120
6_79,16_121
6_79,16_122
6_79,16_123
6_79,21_51
6_79,21_52
6_79,30_30
6_80,11_53
6_80,11_54
6_80,11_55
6_80,11_56
6_81,42_21
6_81,53_23
6_82,31_13
6_83,6_81
6_83,10_96
6_83,10_97
6_84,2_133
6_84,11_71
6_84,11_72
6_84,11_73
6_84,15_30
6_84,15_31
6_84,19_49
6_84,19_58
6_84,29_27
6_84,37_112
6_84,57_26
6_88,21_17
6_88,39_4
6_88,39_65
6_88,43_81
6_91,2_79
6_91,10_2
6_91,17_94
6_91,17_95
6_92,3_20
6_92,6_19
6_92,7_158
6_92,11_17
6_92,25_1
6_93,5_28
6_93,8_31
6_93,8_50
6_93,14_27
6_93,60_2
6_94,2_166
6_94,2_167
6_94,6_22
6_94,6_24
6_94,18_48
6_94,23_101
6_94,26_92
6_94,26_93
6_94,28_64
6_94,29_25
6_95,36_33
6_95,36_34
6_95,36_35
6_95,36_36
6_96,6_1
6_96,7_54
6_96,10_5
6_96,32_1
6_96,36_37
6_96,36_38
6_96,36_40
6_96,41_12
6_96,91_3
6_96,91_4
6_96,92_1
6_96,92_2
6_96,93_1
6_96,93_2
6_98,4_1
6_99,13_4
6_99,16_67
6_99,21_30
6_99,36_34
6_100,4_117
6_100,4_118
6_100,4_119
6_100,4_120
6_100,18_50
6_100,19_44
6_100,34_41
6_100,36_60
6_100,36_61
6_100,37_95
6_100,37_96
6_101,19_88
6_101,19_89
6_101,19_90
6_101,19_91
6_101,19_92
6_101,19_93
6_101,19_94
6_101,19_95
6_103,7_143
6_103,20_110
6_103,31_16
6_103,67_14
6_103,75_22
6_103,75_23
6_103,83_15
6_104,17_15
6_104,22_46
6_105,2_26
6_105,17_82
6_105,22_53
6_105,25_4
6_105,25_5
6_105,41_44
6_105,74_18
6_105,74_19
6_105,74_20
6_105,74_21
6_105,74_22
6_105,74_23
6_105,74_24
6_105,74_25
6_105,74_31
6_107,13_40
6_107,42_48
6_107,88_21
6_107,88_22
6_110,6_28
6_110,35_14
6_110,39_56
6_110,39_57
6_110,39_58
6_111,6_109
6_111,6_124
6_111,10_96
6_111,10_97
6_111,17_92
6_111,25_21
6_112,3_184
6_112,6_34
6_112,6_121
6_112,12_3
6_112,25_31
6_112,41_43
6_113,37_161
6_113,37_162
6_113,37_163
6_113,51_8
6_113,51_9
6_114,10_94
6_115,7_157
6_116,12_103
6_116,37_71
6_120,7_33
6_121,5_4
6_121,5_5
6_121,6_112
6_121,6_118
6_121,6_145
6_121,9_31
6_122,2_257
6_122,6_1
6_122,11_24
6_122,35_19
6_122,35_20
6_122,35_21
6_122,35_22
6_122,35_23
6_122,67_22
6_123,16_25
6_123,17_16
6_123,25_31
6_123,29_13
6_123,34_31
6_123,34_32
6_123,34_33
6_123,34_34
6_123,34_35
6_123,43_23
6_123,71_22
6_124,6_10
6_124,18_49
6_124,21_36
6_124,25_21
6_124,25_41
6_124,40_60
6_124,43_31
6_124,43_32
6_124,86_9
6_125,22_78
6_125,39_22
6_125,49_7
6_128,11_107
6_128,36_60
6_128,36_61
6_128,36_62
6_129,43_36
6_130,4_163
6_130,4_165
6_130,12_109
6_130,25_20
6_130,29_27
6_130,46_29
6_130,46_30
6_130,46_31
6_130,46_32
6_130,55_19
6_130,55_20
6_130,55_22
6_130,55_31
6_130,55_32
6_131,5_19
6_131,16_36
6_131,17_15
6_131,35_24
6_131,67_8
6_131,67_9
6_132,7_38
6_132,16_88
6_133,2_143
6_133,4_133
6_133,35_15
6_133,35_16
6_133,35_17
6_133,47_38
6_135,11_121
6_135,11_122
6_135,14_13
6_135,14_14
6_135,21_105
6_135,24_55
6_135,40_51
6_135,40_52
6_135,58_21
6_136,16_57
6_136,43_15
6_136,53_21
6_136,53_22
6_137,16_58
6_137,16_59
6_137,81_8
6_137,81_9
6_138,5_103
6_138,10_59
6_139,16_116
6_139,16_117
6_140,10_69
6_140,10_70
6_141,7_31
6_141,68_17
6_141,68_18
6_141,68_19
6_141,68_20
6_141,68_21
6_141,68_22
6_141,68_23
6_141,68_24
6_141,68_25
6_141,68_26
6_141,68_27
6_141,68_28
6_141,68_29
6_141,68_30
6_141,68_31
6_141,68_32
6_141,68_33
6_142,7_27
6_142,16_66
6_142,16_67
6_142,16_80
6_142,18_50
6_142,35_6
6_142,36_71
6_142,36_72
6_142,40_79
6_142,40_80
6_142,40_81
6_143,6_139
6_143,39_6
6_146,4_160
6_147,6_165
6_147,13_6
6_147,15_49
6_147,15_50
6_147,40_3
6_147,85_12
6_147,85_13
6_147,85_14
6_148,6_107
6_148,43_20
6_149,6_35
6_149,10_99
6_149,11_118
6_149,11_119
6_151,2_83
6_151,4_116
6_151,6_120
6_151,7_33
6_151,17_23
6_151,17_31
6_151,25_68
6_151,31_14
6_151,31_15
6_152,2_220
6_152,4_10
6_152,4_135
6_152,83_1
6_152,83_2
6_152,83_3
6_152,83_4
6_152,83_5
6_152,83_6
6_153,2_257
6_153,6_151
6_153,42_13
6_154,2_124
6_154,6_91
6_154,6_151
6_154,6_153
6_154,7_144
6_154,7_145
6_154,9_69
6_154,28_48
6_154,32_24
6_154,46_12
6_154,46_30
6_154,55_60
6_156,28_47
6_157,6_26
6_157,16_88
6_157,35_42
6_157,75_31
6_157,75_32
6_158,40_84
6_158,40_85
6_158,47_18
6_159,42_13
6_160,27_89
6_161,2_130
6_161,16_120
6_161,16_121
6_161,16_122
6_161,16_123
6_161,22_78
6_162,108_2
6_163,2_130
6_163,2_131
6_163,2_132
6_163,5_44
6_163,5_111
6_163,6_79
6_163,10_72
6_163,10_84
6_163,10_85
6_163,10_86
6_163,12_101
6_163,21_25
6_164,1_5
6_164,11_123
6_164,20_112
6_164,34_25
6_164,34_26
6_164,35_18
6_164,52_21
6_164,67_29
6_164,73_9
6_164,74_38
6_164,74_39
6_165,2_30
6_165,7_129
6_165,13_6
6_165,15_49
6_165,15_50
6_165,17_21
6_165,27_62
6_165,43_32
6_165,43_60
7_3,6_116
7_3,12_103
7_3,12_106
7_4,6_10
7_4,7_97
7_4,7_98
7_4,16_45
7_4,16_46
7_4,16_47
7_4,22_45
7_4,28_58
7_5,21_11
7_5,21_12
7_5,21_13
7_5,21_14
7_5,21_15
7_6,5_109
7_6,28_65
7_7,6_59
7_8,23_101
7_8,23_102
7_8,23_103
7_8,101_6
7_8,101_7
7_8,101_8
7_8,101_9
7_8,101_10
7_8,101_11
7_9,4_40
7_9,18_105
7_9,21_47
7_10,14_34
7_11,2_57
7_11,15_28
7_11,15_29
7_11,15_30
7_11,23_12
7_11,23_13
7_12,7_11
7_12,38_72
7_17,34_20
7_17,34_21
7_18,17_63
7_18,17_64
7_18,17_65
7_20,4_176
7_20,16_15
7_20,20_120
7_22,7_21
7_22,7_27
7_24,20_123
7_25,20_55
7_27,18_50
7_29,21_104
7_30,20_50
7_30,30_30
7_30,64_2
7_30,87_3
7_33,22_30
7_33,22_31
7_37,10_69
7_37,10_70
7_37,31_23
7_37,31_24
7_38,2_166
7_38,2_167
7_38,16_25
7_38,16_88
7_38,29_13
7_38,29_25
7_38,33_66
7_38,33_67
7_38,33_68
7_39,34_31
7_39,34_32
7_39,34_33
7_40,22_31
7_43,39_73
7_44,37_55
7_44,37_56
7_44,37_57
7_44,37_58
7_44,37_59
7_44,52_14
7_44,52_15
7_44,52_16
7_46,57_13
7_47,23_102
7_47,23_103
7_47,66_8
7_51,9_67
7_51,20_52
7_51,20_126
7_51,45_34
7_52,4_166
7_52,7_2
7_52,11_1
7_52,17_15
7_53,6_27
7_53,6_28
7_54,25_61
7_54,36_37
7_54,36_38
7_54,36_39
7_54,36_40
7_54,42_11
7_55,7_205
7_55,19_3
7_56,7_156
7_56,7_157
7_57,30_46
7_57,30_50
7_57,36_33
7_57,42_28
7_58,3_37
7_60,46_11
7_60,83_32
7_64,29_15
7_64,40_51
7_64,40_52
7_64,71_25
7_65,41_15
7_65,89_6
7_65,89_7
7_65,89_8
7_66,38_5
7_69,2_247
7_70,8_32
7_72,11_53
7_72,11_54
7_72,11_55
7_72,11_56
7_72,11_58
7_72,26_128
7_72,26_129
7_72,26_130
7_72,26_131
7_72,46_24
7_72,46_25
7_72,69_6
7_72,69_7
7_72,69_8
7_73,16_36
7_73,21_25
7_73,26_155
7_73,54_28
7_77,11_65
7_77,17_59
7_77,27_48
7_77,27_49
7_77,27_50
7_77,27_51
7_77,27_52
7_77,91_14
7_81,11_79
7_81,15_71
7_83,51_35
7_83,51_36
7_84,11_82
7_84,11_83
7_85,28_23
7_85,83_1
7_85,83_2
7_85,83_3
7_85,83_4
7_85,83_5
7_85,83_6
7_91,11_87
7_91,11_94
7_91,26_187
7_91,26_189
7_96,10_98
7_96,34_34
7_96,37_147
7_96,37_148
7_100,6_6
7_100,6_10
7_100,14_44
7_100,14_45
7_100,19_98
7_100,20_128
7_100,22_45
7_100,22_46
7_100,32_26
7_100,34_45
7_100,46_25
7_100,46_26
7_100,46_27
7_100,67_18
7_101,6_28
7_101,6_110
7_101,6_111
7_101,11_100
7_101,11_101
7_101,16_36
7_101,17_15
7_101,21_25
7_101,43_45
7_103,27_14
7_108,26_18
7_108,27_12
7_110,28_6
7_111,20_57
7_111,20_58
7_111,20_59
7_111,20_60
7_115,20_65
7_116,20_65
7_116,20_66
7_116,20_67
7_116,20_68
7_116,20_69
7_123,20_71
7_123,43_54
7_123,79_24
7_124,20_71
7_126,20_72
7_126,20_73
7_126,20_74
7_126,20_75
7_133,5_96
7_133,6_38
7_133,68_19
7_133,68_20
7_137,28_5
7_137,28_6
7_137,44_25
7_137,44_26
7_137,44_27
7_137,44_28
7_142,5_3
7_142,20_80
7_143,6_103
7_143,39_68
7_143,75_22
7_143,75_23
7_143,75_24
7_143,83_15
7_145,28_43
7_146,6_110
7_146,10_96
7_146,10_97
7_146,61_5
7_148,20_85
7_148,20_88
7_148,20_89
7_150,20_90
7_150,20_92
7_150,20_93
7_150,20_94
7_152,2_54
7_156,6_54
7_156,7_155
7_156,40_7
7_157,2_104
7_157,2_286
7_157,16_36
7_158,3_20
7_158,6_19
7_158,11_17
7_159,2_121
7_159,3_113
7_159,3_199
7_159,17_104
7_159,17_107
7_159,17_108
7_159,17_109
7_159,28_52
7_159,28_53
7_159,28_54
7_163,2_65
7_166,7_163
7_168,17_104
7_168,72_11
7_169,3_187
7_169,19_59
7_171,4_154
7_171,17_51
7_172,6_130
7_172,6_133
7_172,6_165
7_172,7_102
7_172,9_17
7_172,14_34
7_172,27_62
7_172,30_30
7_172,33_7
7_172,53_56
7_172,100_7
7_176,2_6
7_176,5_26
7_176,9_80
7_179,2_18
7_179,2_171
7_179,8_23
7_179,22_46
7_179,43_36
7_179,43_37
7_179,46_26
7_181,7_159
7_182,6_44
7_182,6_45
7_184,34_46
7_184,81_22
7_186,5_41
7_186,10_101
7_187,21_38
7_187,31_34
7_187,33_63
7_187,42_18
7_187,79_42
7_188,19_97
7_188,72_26
7_188,72_27
7_189,4_1
7_189,30_21
7_189,49_13
7_191,22_73
7_191,22_74
7_191,37_95
7_191,37_96
7_192,21_58
7_192,37_93
7_193,19_42
7_196,11_54
7_196,11_55
7_196,11_56
7_196,26_75
7_196,26_76
7_196,26_77
7_196,26_78
7_196,26_79
7_196,26_80
7_196,43_26
7_196,43_27
7_196,43_28
7_198,35_14
7_199,17_53
7_199,23_96
7_199,23_97
7_199,23_98
7_199,41_34
7_199,41_35
7_199,41_36
7_202,17_27
7_202,19_83
7_202,55_46
7_203,26_4
7_204,41_26
7_205,2_186
7_205,17_110
7_205,50_39
8_1,5_90
8_1,8_41
8_1,29_8
8_2,3_135
8_2,9_124
8_2,79_40
8_2,79_41
8_4,3_163
8_5,2_216
8_5,5_24
8_9,2_211
8_9,3_165
8_9,8_67
8_9,8_68
8_9,54_45
8_10,3_140
8_10,3_141
8_10,9_14
8_10,9_15
8_10,28_43
8_10,40_51
8_10,40_52
8_10,47_4
8_10,47_5
8_10,47_6
8_11,3_154
8_11,54_45
8_11,76_21
8_11,94_5
8_11,94_6
8_14,36_69
8_14,47_4
8_14,76_21
8_16,3_155
8_16,9_25
8_16,9_27
8_17,2_249
8_17,3_123
8_17,9_25
8_19,8_32
8_19,17_8
8_22,2_171
8_22,7_179
8_24,1_2
8_24,50_16
8_28,64_15
8_28,21_35
8_28,63_9
8_28,64_14
8_28,64_15
8_29,57_28
8_30,17_76
8_30,36_1
8_30,36_2
8_30,36_9
8_30,52_30
8_31,25_5
8_31,25_6
8_32,26_187
8_32,29_53
8_32,38_16
8_32,70_1
8_32,70_2
8_32,70_3
8_33,6_94
8_33,8_34
8_33,38_16
8_33,70_1
8_33,70_2
8_34,2_217
8_34,8_33
8_34,9_17
8_34,9_18
8_34,48_25
8_37,3_142
8_37,3_166
8_37,3_167
8_37,3_179
8_37,10_28
8_37,24_43
8_37,30_14
8_37,30_43
8_37,36_59
8_39,2_193
8_39,4_93
8_39,9_5
8_39,9_11
8_39,49_9
8_41,3_161
8_41,59_7
8_42,6_122
8_44,3_13
8_48,4_120
8_48,7_123
8_48,14_22
8_48,20_71
8_48,59_16
8_50,6_93
8_53,13_11
8_59,3_196
8_59,3_197
8_59,24_57
8_59,29_4
8_60,2_261
8_60,9_101
8_60,99_7
8_60,99_8
8_61,9_29
8_63,3_103
8_67,5_118
8_67,10_88
8_67,14_36
8_67,71_26
8_72,9_100
8_72,9_117
8_72,59_8
8_72,59_9
8_75,9_100
8_75,59_10
9_2,9_4
9_5,2_191
9_5,9_2
9_5,9_11
9_5,9_29
9_5,9_36
9_5,9_73
9_5,47_4
9_5,49_9
9_7,48_25
9_8,9_10
9_11,9_5
9_13,8_30
9_13,17_76
9_13,60_1
9_16,3_142
9_16,3_179
9_16,29_1
9_16,29_2
9_16,29_3
9_17,8_34
9_18,17_79
9_19,23_66
9_19,23_67
9_23,58_22
9_32,57_20
9_34,5_63
9_34,5_82
9_35,9_103
9_35,44_48
9_35,44_49
9_35,111_5
9_36,2_191
9_36,2_194
9_36,5_2
9_36,9_5
9_36,9_37
9_36,22_25
9_37,9_3
9_39,9_120
9_39,9_122
9_41,2_216
9_41,9_91
9_41,9_122
9_43,24_62
9_47,4_66
9_47,4_67
9_47,4_68
9_47,6_28
9_47,8_23
9_55,20_131
9_55,23_55
9_55,23_56
9_60,37_39
9_64,47_29
9_64,47_30
9_64,58_8
9_67,45_34
9_70,53_53
9_71,3_104
9_73,9_5
9_73,9_29
9_73,49_9
9_74,63_8
9_74,85_8
9_75,9_103
9_80,63_6
9_81,4_56
9_81,22_19
9_81,22_20
9_81,22_21
9_81,22_22
9_81,66_6
9_81,70_15
9_81,70_16
9_82,43_77
9_83,6_110
9_83,48_15
9_84,9_80
9_87,33_19
9_87,47_20
9_87,47_21
9_87,47_22
9_93,9_1
9_97,12_109
9_100,8_75
9_100,59_10
9_100,62_3
9_101,9_74
9_101,9_85
9_101,11_86
9_101,26_112
9_101,47_30
9_104,2_276
9_105,69_18
9_105,86_9
9_105,100_10
9_106,9_117
9_106,9_118
9_108,9_109
9_111,4_87
9_111,4_122
9_112,66_5
9_113,28_56
9_114,4_18
9_114,19_46
9_114,19_47
9_115,41_17
9_118,9_95
9_118,9_96
9_120,18_30
9_122,9_41
9_122,9_120
9_122,42_16
9_123,5_54
9_123,9_73
9_123,48_29
9_125,17_82
9_125,41_44
9_127,61_5
9_127,70_36
9_127,70_37
9_127,74_49
9_127,74_50
9_127,74_51
9_128,2_129
9_128,3_164
9_128,26_215
9_128,26_216
9_128,26_217
9_129,9_127
9_129,73_9
10_2,7_63
10_2,18_2
10_2,18_3
10_2,38_5
10_2,64_6
10_3,2_255
10_3,6_59
10_3,11_6
10_3,23_86
10_3,23_87
10_3,34_3
10_3,34_23
10_3,43_87
10_3,53_26
10_4,30_27
10_4,38_57
10_4,38_58
10_4,55_43
10_4,55_44
10_4,56_42
10_4,56_43
10_5,6_96
10_5,23_115
10_5,23_116
10_5,36_39
10_5,36_40
10_5,38_27
10_6,3_190
10_6,6_96
10_6,7_54
10_6,10_101
10_6,12_105
10_6,34_9
10_6,36_40
10_10,6_1
10_10,13_23
10_10,13_24
10_10,18_1
10_10,33_44
10_10,36_58
10_10,56_25
10_10,56_26
10_11,17_11
10_12,11_11
10_12,41_51
10_17,2_255
10_17,6_21
10_17,6_93
10_17,103_1
10_17,103_2
10_17,103_3
10_19,8_42
10_20,6_7
10_20,6_111
10_20,10_96
10_20,10_97
10_20,15_14
10_20,15_15
10_20,17_59
10_20,25_10
10_20,52_44
10_21,10_12
10_22,17_67
10_23,10_12
10_24,11_94
10_24,11_95
10_24,18_45
10_26,55_60
10_26,76_11
10_27,3_106
10_27,3_107
10_27,14_42
10_27,14_43
10_27,14_44
10_27,42_45
10_27,75_10
10_27,75_11
10_27,75_12
10_27,80_38
10_27,80_39
10_27,80_40
10_27,80_41
10_27,80_42
10_28,2_166
10_28,18_47
10_28,19_82
10_28,30_14
10_28,30_43
10_28,36_59
10_28,46_5
10_28,46_6
10_29,16_36
10_29,43_45
10_30,17_13
10_30,17_14
10_30,75_13
10_30,86_9
10_31,6_46
10_31,55_29
10_31,67_21
10_31,67_23
10_31,80_27
10_31,80_28
10_31,80_29
10_31,80_30
10_31,80_31
10_33,39_71
10_35,19_42
10_35,37_95
10_35,37_96
10_38,2_24
10_38,11_13
10_38,17_88
10_41,60_4
10_41,109_1
10_41,109_2
10_41,109_3
10_41,109_4
10_41,109_5
10_41,109_6
10_43,25_41
10_43,25_42
10_45,20_102
10_45,20_103
10_45,20_104
10_45,23_101
10_45,23_112
10_45,23_113
10_45,23_114
10_45,30_55
10_45,30_56
10_45,70_10
10_45,70_11
10_45,70_12
10_45,70_13
10_45,70_14
10_45,70_15
10_45,77_15
10_45,79_46
10_47,39_69
10_48,42_18
10_49,63_11
10_51,32_12
10_51,40_84
10_51,40_85
10_52,52_13
10_52,52_14
10_52,52_15
10_52,52_16
10_53,34_3
10_53,36_82
10_53,64_7
10_57,17_82
10_57,41_44
10_59,6_136
10_61,6_38
10_61,11_6
10_61,26_217
10_61,26_218
10_61,26_219
10_64,21_103
10_64,41_30
10_64,41_31
10_64,41_32
10_64,57_12
10_68,19_88
10_68,19_89
10_68,19_90
10_68,19_91
10_68,19_92
10_68,19_93
10_68,19_94
10_68,19_95
10_71,11_54
10_71,11_55
10_71,11_56
10_72,2_131
10_72,2_132
10_72,5_44
10_72,5_48
10_72,5_111
10_72,6_162
10_72,6_163
10_72,7_126
10_72,10_84
10_72,12_101
10_72,27_44
10_72,27_91
10_74,6_110
10_74,17_17
10_76,27_14
10_78,6_45
10_80,20_65
10_80,20_66
10_82,7_116
10_82,7_118
10_82,20_67
10_82,20_68
10_82,20_69
10_82,26_46
10_82,26_47
10_82,26_48
10_83,7_129
10_84,1_5
10_84,11_123
10_84,39_36
10_84,65_3
10_84,67_29
10_84,73_9
10_87,2_153
10_88,10_89
10_88,20_131
10_88,71_26
10_88,71_27
10_90,20_77
10_90,26_61
10_90,26_62
10_90,26_63
10_90,40_84
10_90,40_85
10_91,28_41
10_93,4_157
10_93,4_158
10_93,7_137
10_93,26_57
10_93,26_58
10_93,26_59
10_94,7_157
10_97,6_111
10_97,10_88
10_98,36_30
10_98,37_147
10_98,37_148
10_98,43_23
10_98,51_52
10_99,2_272
10_99,11_118
10_99,11_119
10_99,13_31
10_99,13_40
10_99,26_3
10_99,28_56
10_99,35_8
10_99,88_21
10_99,88_22
10_101,10_96
10_101,10_97
10_103,6_12
11_2,16_36
11_2,21_25
11_3,16_97
11_6,6_38
11_6,6_59
11_7,23_115
11_7,23_116
11_7,29_61
11_7,30_27
11_7,31_28
11_7,38_27
11_7,43_87
11_7,51_56
11_8,3_110
11_8,3_113
11_8,7_159
11_8,10_47
11_8,12_45
11_8,16_36
11_8,16_120
11_8,28_23
11_8,43_23
11_11,70_19
11_11,70_20
11_11,70_21
11_11,70_22
11_11,103_1
11_11,103_2
11_11,103_3
11_12,15_97
11_12,15_98
11_12,15_99
11_12,25_7
11_12,25_8
11_15,17_18
11_15,17_19
11_15,17_20
11_15,17_21
11_15,42_20
11_17,2_1
11_17,2_2
11_17,6_19
11_17,6_116
11_17,7_158
11_17,12_103
11_17,30_30
11_17,32_1
11_17,32_2
11_17,34_20
11_20,14_42
11_20,16_88
11_20,67_10
11_21,2_166
11_21,17_97
11_21,19_81
11_21,19_82
11_21,29_25
11_21,46_6
11_24,8_23
11_24,35_19
11_24,35_20
11_24,35_21
11_24,35_22
11_24,35_23
11_24,35_24
11_24,59_20
11_27,43_23
11_29,6_52
11_29,6_53
11_29,18_28
11_36,54_10
11_36,71_26
11_40,54_11
11_40,54_12
11_40,54_13
11_40,54_14
11_41,7_167
11_41,13_6
11_41,23_28
11_41,23_29
11_41,39_67
11_41,43_12
11_41,43_13
11_41,43_14
11_42,54_13
11_42,54_14
11_42,54_15
11_42,69_11
11_42,69_12
11_46,11_40
11_46,11_42
11_46,24_11
11_46,24_15
11_46,39_53
11_46,66_10
11_48,11_44
11_49,37_171
11_49,37_172
11_49,37_173
11_49,40_51
11_49,40_52
11_52,71_11
11_56,82_6
11_61,2_186
11_69,11_74
11_69,29_31
11_69,51_26
11_69,51_27
11_70,51_26
11_71,2_133
11_72,51_29
11_74,29_31
11_74,29_32
11_78,15_70
11_78,15_71
11_78,15_72
11_78,26_165
11_78,26_166
11_81,54_37
11_81,54_38
11_81,54_39
11_82,51_33
11_82,53_53
11_82,53_54
11_83,7_84
11_83,53_53
11_86,5_100
11_94,7_88
11_94,26_187
11_94,26_189
11_97,73_16
11_97,79_21
11_97,79_22
11_97,79_23
11_97,79_24
11_97,79_25
11_97,79_26
11_98,7_38
11_98,33_67
11_98,33_68
11_99,28_41
11_99,28_42
11_99,40_46
11_103,14_13
11_103,14_14
11_103,18_47
11_103,40_51
11_105,20_108
11_105,78_38
11_105,42_7
11_107,4_57
11_107,6_128
11_107,14_48
11_108,11_107
11_108,21_23
11_110,17_15
11_110,20_129
11_110,20_130
11_111,36_32
11_116,3_104
11_117,11_101
11_117,41_46
11_118,10_99
11_119,11_105
11_119,51_56
12_3,39_23
12_4,12_100
12_7,2_136
12_19,7_54
12_20,72_13
12_21,28_26
12_24,10_61
12_24,13_33
12_24,17_32
12_24,82_10
12_38,14_28
12_40,12_103
12_50,2_260
12_51,12_26
12_52,12_53
12_53,12_51
12_53,12_52
12_57,12_55
12_57,38_39
12_57,38_40
12_64,12_12
12_76,58_11
12_89,16_119
12_92,94_5
12_92,94_6
12_96,12_94
12_99,12_69
12_100,7_53
12_100,12_4
12_101,7_126
12_101,19_23
12_101,19_27
12_101,19_28
12_101,71_28
12_102,3_44
12_102,28_44
12_102,28_45
12_102,28_46
12_102,38_69
12_102,38_70
12_103,6_116
12_106,4_142
12_106,31_13
12_107,7_97
12_107,7_98
12_107,7_99
12_107,16_45
12_107,16_46
12_107,16_47
12_108,17_44
12_109,3_42
12_109,3_43
12_109,5_75
12_109,9_97
12_109,21_8
12_109,21_9
12_109,22_46
12_109,25_20
12_109,28_7
12_109,40_51
12_109,40_52
12_109,46_9
12_110,2_214
13_1,12_103
13_2,7_54
13_2,22_65
13_2,36_38
13_2,41_37
13_2,65_12
13_5,46_33
13_6,6_147
13_6,7_167
13_6,8_32
13_6,15_6
13_6,15_7
13_6,15_8
13_6,15_49
13_6,15_50
13_6,29_53
13_6,29_54
13_6,35_45
13_6,38_16
13_6,42_18
13_6,70_1
13_7,2_272
13_7,17_59
13_7,35_24
13_8,23_12
13_8,23_13
13_8,23_14
13_8,31_34
13_8,39_6
13_8,53_32
13_10,10_61
13_10,11_5
13_10,20_7
13_10,27_25
13_10,58_1
13_11,50_18
13_13,13_8
13_13,13_11
13_13,17_44
13_13,27_50
13_13,27_51
13_15,16_48
13_16,18_49
13_16,19_93
13_16,19_94
13_16,19_95
13_16,34_23
13_16,39_3
13_16,53_26
13_17,2_17
13_17,2_19
13_17,24_39
13_17,24_40
13_17,29_43
13_18,10_26
13_18,18_87
13_18,18_88
13_19,6_115
13_19,59_20
13_22,41_34
13_22,41_35
13_26,4_77
13_26,23_55
13_26,23_56
13_26,87_16
13_26,87_17
13_27,6_111
13_27,10_96
13_27,10_97
13_27,10_101
13_27,21_5
13_29,11_108
13_29,56_30
13_30,6_34
13_30,16_63
13_30,17_110
13_31,14_47
13_31,21_44
13_31,46_27
13_32,11_102
13_32,22_48
13_33,5_41
13_33,6_59
13_33,10_61
13_33,11_6
13_33,13_10
13_33,16_37
13_33,20_7
13_33,41_25
13_33,53_23
13_33,57_4
13_34,25_11
13_34,25_12
13_34,25_13
13_34,25_14
13_34,25_15
13_34,89_25
13_34,89_26
13_35,4_57
13_35,23_115
13_35,47_15
13_35,56_30
13_35,56_32
13_35,56_33
13_35,59_20
13_35,76_14
13_36,2_121
13_36,3_199
13_36,17_107
13_36,17_108
13_36,17_109
13_37,41_42
13_38,18_110
13_38,22_70
13_39,2_106
13_39,2_284
13_39,44_3
13_39,44_4
13_40,88_21
13_40,88_22
13_40,88_23
13_40,88_24
13_40,88_25
13_40,88_26
13_41,46_27
13_42,8_30
13_42,27_50
13_42,27_51
13_42,27_52
13_43,7_156
13_43,7_157
13_43,26_197
13_43,112_1
13_43,112_2
13_43,112_3
13_43,112_4
14_1,2_257
14_1,57_9
14_2,7_158
14_4,7_158
14_6,2_49
14_6,7_168
14_7,7_167
14_8,39_7
14_8,64_6
14_9,3_119
14_10,11_3
14_13,7_88
14_13,7_128
14_13,7_137
14_13,8_30
14_13,17_76
14_13,21_105
14_13,27_56
14_13,37_171
14_13,37_172
14_13,37_173
14_13,58_21
14_14,55_46
14_14,79_37
14_14,79_38
14_14,79_39
14_14,79_40
14_14,79_41
14_15,8_19
14_15,8_32
14_15,50_24
14_15,50_25
14_15,50_26
14_16,18_29
14_16,18_79
14_16,38_57
14_16,38_58
14_16,47_15
14_17,22_21
14_17,35_36
14_17,37_64
14_17,37_65
14_17,37_66
14_17,37_67
14_17,37_68
14_17,38_55
14_17,38_56
14_17,38_57
14_17,38_58
14_17,41_46
14_17,44_43
14_17,44_44
14_17,44_45
14_17,44_46
14_17,44_47
14_17,44_48
14_17,44_49
14_17,44_50
14_17,55_43
14_17,55_44
14_17,56_41
14_17,56_42
14_17,56_43
14_17,56_44
14_18,2_264
14_18,3_117
14_18,25_23
14_19,4_133
14_19,5_54
14_19,35_15
14_19,35_16
14_19,35_17
14_19,36_77
14_19,36_78
14_19,36_79
14_19,36_80
14_19,36_81
14_19,36_82
14_19,36_83
14_19,46_33
14_19,47_38
14_21,7_38
14_21,7_39
14_21,33_66
14_21,33_67
14_21,33_68
14_21,34_31
14_21,34_32
14_21,34_33
14_21,40_47
14_21,40_48
14_22,4_120
14_22,5_116
14_22,5_119
14_22,19_82
14_22,40_10
14_22,46_5
14_22,46_6
14_23,10_10
14_23,13_23
14_23,13_24
14_23,25_75
14_23,39_73
14_27,6_93
14_27,7_40
14_27,16_32
14_27,22_31
14_27,56_88
14_27,56_89
14_28,2_243
14_28,14_24
14_28,25_18
14_30,10_70
14_30,31_24
14_31,2_123
14_31,2_254
14_31,57_15
14_33,7_54
14_33,31_29
14_33,36_40
14_33,39_5
14_35,2_126
14_35,3_96
14_35,3_97
14_35,14_39
14_35,29_67
14_36,5_118
14_37,28_57
14_43,20_108
14_43,20_111
14_43,54_8
14_43,70_43
14_44,6_27
14_44,6_28
14_44,16_38
14_44,23_99
14_44,23_100
14_44,32_12
14_44,35_37
14_44,63_9
14_44,63_10
14_45,54_5
14_46,17_37
14_46,19_90
14_46,19_91
14_48,39_67
14_49,14_48
14_49,25_13
14_49,37_22
14_49,38_37
14_49,38_38
14_49,81_7
14_50,23_104
14_51,21_1
14_51,31_28
14_51,53_31
14_52,6_19
14_52,14_1
15_2,6_27
15_3,14_30
15_3,77_46
15_7,25_21
15_7,25_22
15_9,5_67
15_16,25_61
15_22,16_10
15_22,56_68
15_22,56_69
15_22,56_70
15_27,55_14
15_27,55_15
15_31,7_12
15_31,15_33
15_39,17_62
15_41,16_9
15_41,43_4
15_41,89_14
15_42,7_200
15_43,11_17
15_47,6_56
15_48,18_108
15_53,51_28
15_64,15_8
15_66,11_81
15_76,36_12
15_76,37_137
15_76,37_138
15_79,11_89
15_80,11_65
15_80,41_17
15_85,23_115
15_85,23_116
15_85,38_27
15_85,43_89
15_85,53_31
15_86,36_81
15_86,36_82
15_86,36_83
15_88,1_2
15_88,8_24
15_88,9_128
15_88,26_215
15_88,39_23
15_90,7_49
15_90,14_44
15_90,16_38
15_90,27_49
15_93,55_39
15_95,5_67
15_95,68_9
15_99,74_43
15_99,74_44
15_99,74_45
15_99,74_46
15_99,74_47
16_1,21_1
16_1,29_53
16_1,29_54
16_1,42_18
16_1,54_1
16_2,6_124
16_2,21_25
16_2,22_75
16_2,40_15
16_2,40_16
16_2,42_52
16_3,53_31
16_4,25_54
16_4,25_55
16_4,36_77
16_4,36_78
16_4,36_79
16_7,16_5
16_7,23_21
16_7,23_22
16_7,36_71
16_7,36_72
16_7,40_79
16_7,40_80
16_7,40_81
16_7,43_12
16_7,43_13
16_7,43_14
16_9,2_197
16_9,6_153
16_9,7_26
16_9,10_99
16_9,11_118
16_9,11_119
16_9,15_41
16_11,27_60
16_12,7_54
16_15,21_31
16_15,79_32
16_20,37_95
16_20,37_96
16_22,38_5
16_22,39_45
16_22,40_60
16_24,25_5
16_24,25_9
16_24,74_18
16_24,74_19
16_24,74_20
16_24,74_21
16_24,74_22
16_24,74_23
16_24,74_24
16_25,29_13
16_26,5_64
16_26,14_46
16_26,16_27
16_26,34_33
16_26,59_2
16_26,71_22
16_26,86_9
16_27,26_93
16_27,86_10
16_28,6_23
16_28,35_36
16_28,40_46
16_28,58_18
16_30,3_198
16_30,16_97
16_30,28_80
16_30,87_17
16_30,93_4
16_31,43_71
16_32,14_27
16_32,41_30
16_32,41_31
16_32,41_32
16_34,52_14
16_36,21_25
16_36,43_45
16_36,47_10
16_36,67_18
16_37,5_41
16_37,7_54
16_37,7_186
16_37,10_96
16_37,10_97
16_37,11_34
16_39,52_14
16_39,52_15
16_39,52_16
16_39,53_31
16_40,5_73
16_40,31_28
16_40,54_50
16_40,112_1
16_40,112_2
16_40,112_3
16_40,112_4
16_43,10_2
16_43,15_9
16_43,17_93
16_43,17_94
16_43,18_110
16_43,21_8
16_43,21_9
16_43,25_20
16_43,46_9
16_44,21_105
16_44,54_52
16_45,67_16
16_45,67_17
16_46,7_97
16_46,7_98
16_47,11_102
16_47,22_48
16_49,13_15
16_52,3_83
16_52,39_3
16_53,17_67
16_56,6_136
16_57,37_151
16_57,37_152
16_57,37_153
16_57,37_154
16_57,53_21
16_57,53_22
16_59,43_17
16_62,7_51
16_62,11_9
16_62,11_10
16_62,18_35
16_62,18_36
16_62,19_77
16_62,19_78
16_62,41_50
16_66,23_21
16_66,27_35
16_66,27_36
16_66,74_54
16_66,74_55
16_67,36_34
16_67,36_35
16_67,36_36
16_69,4_4
16_69,10_57
16_69,17_82
16_69,36_72
16_69,50_9
16_70,30_54
16_71,30_28
16_76,16_75
16_77,31_28
16_77,54_50
16_78,67_23
16_78,67_24
16_79,67_19
16_80,24_43
16_84,77_35
16_84,77_36
16_85,18_53
16_85,21_39
16_85,21_40
16_85,25_12
16_85,25_13
16_85,25_14
16_86,18_52
16_86,19_81
16_86,19_82
16_86,29_25
16_86,46_5
16_86,46_6
16_87,19_38
16_87,20_111
16_87,32_12
16_88,6_26
16_88,7_38
16_89,4_41
16_89,5_109
16_89,7_6
16_89,15_92
16_89,15_93
16_89,28_85
16_90,5_45
16_90,7_33
16_90,16_126
16_90,17_26
16_90,42_40
16_91,2_224
16_91,5_89
16_93,10_99
16_93,11_118
16_93,11_119
16_99,38_83
16_101,2_106
16_112,2_151
16_112,2_152
16_112,3_164
16_112,14_28
16_112,14_29
16_112,28_57
16_112,65_10
16_112,65_11
16_116,10_69
16_116,10_70
16_116,31_24
16_118,4_160
16_118,6_146
16_121,21_51
16_121,53_37
16_123,6_161
16_125,20_44
16_125,28_56
16_125,29_46
16_126,5_45
16_126,42_40
16_128,8_12
16_128,9_40
16_128,10_61
16_128,20_46
16_128,57_4
16_128,58_7
17_1,2_275
17_1,4_10
17_1,7_86
17_1,17_2
17_1,17_44
17_1,17_60
17_1,19_57
17_1,32_23
17_1,37_102
17_1,53_8
17_1,53_16
17_1,53_17
17_1,53_18
17_1,61_8
17_1,74_31
17_4,15_66
17_7,41_46
17_10,3_21
17_11,10_11
17_12,2_189
17_12,6_96
17_12,10_5
17_12,10_6
17_12,23_80
17_12,25_61
17_12,25_62
17_12,28_71
17_12,28_72
17_12,28_73
17_12,36_37
17_12,36_38
17_12,39_5
17_13,4_123
17_13,50_17
17_13,50_18
17_13,52_16
17_13,75_13
17_13,75_14
17_13,75_15
17_13,82_10
17_13,82_11
17_13,82_12
17_13,82_13
17_13,82_14
17_13,99_7
17_13,99_8
17_15,7_56
17_15,16_25
17_15,29_13
17_15,35_18
17_15,35_37
17_15,39_71
17_15,52_21
17_15,67_8
17_15,67_9
17_15,68_42
17_16,6_123
17_16,10_24
17_23,31_14
17_24,9_113
17_25,88_25
17_26,25_67
17_30,5_64
17_30,67_3
17_30,67_4
17_31,6_151
17_34,4_2
17_34,4_6
17_36,49_12
17_38,17_23
17_38,17_31
17_40,19_88
17_40,19_89
17_40,19_90
17_40,19_91
17_40,19_92
17_40,19_93
17_40,19_94
17_40,19_95
17_44,4_110
17_44,11_102
17_44,19_90
17_44,19_91
17_44,19_92
17_44,22_48
17_44,35_41
17_44,35_45
17_45,41_5
17_45,111_1
17_46,39_45
17_49,36_78
17_49,36_79
17_49,79_10
17_49,79_11
17_49,79_12
17_51,30_27
17_51,42_18
17_51,67_25
17_52,16_40
17_52,20_102
17_52,20_103
17_52,20_104
17_52,23_112
17_52,23_113
17_52,23_114
17_52,30_25
17_52,30_55
17_52,35_34
17_52,54_50
17_52,79_13
17_52,79_14
17_52,79_46
17_55,2_253
17_55,33_7
17_55,42_13
17_58,11_101
17_58,65_8
17_58,65_9
17_59,5_115
17_59,11_65
17_59,13_31
17_59,26_214
17_61,7_12
17_64,14_22
17_64,15_37
17_64,15_38
17_64,19_83
17_68,11_82
17_68,54_34
17_68,67_16
17_68,67_17
17_70,95_4
17_71,4_41
17_71,10_47
17_71,18_49
17_71,36_12
17_71,39_69
17_71,45_28
17_71,45_29
17_71,69_19
17_71,69_20
17_71,69_25
17_71,69_26
17_77,8_33
17_77,9_29
17_77,9_123
17_80,57_25
17_81,21_18
17_82,9_124
17_82,9_125
17_82,41_44
17_83,10_12
17_83,11_10
17_83,11_11
17_83,17_67
17_84,11_121
17_84,11_122
17_85,2_97
17_85,2_269
17_85,18_109
17_85,31_27
17_90,6_111
17_90,10_96
17_90,10_97
17_90,17_59
17_90,25_7
17_90,25_8
17_90,25_9
17_90,25_10
17_90,25_11
17_92,8_32
17_94,2_151
17_94,2_152
17_94,3_164
17_94,9_128
17_94,10_2
17_94,14_10
17_94,23_47
17_94,64_6
17_96,69_44
17_96,69_45
17_96,69_46
17_97,18_17
17_97,78_30
17_98,36_81
17_98,36_82
17_98,36_83
17_98,40_57
17_98,46_33
17_99,11_104
17_100,4_53
17_100,70_19
17_100,70_20
17_100,70_21
17_100,70_22
17_101,7_133
17_101,17_90
17_101,27_10
17_101,27_11
17_101,27_12
17_102,27_13
17_102,27_14
17_104,17_76
17_104,17_77
17_104,26_59
17_105,4_166
17_109,47_17
17_110,59_22
17_110,59_24
18_5,17_85
18_6,16_127
18_6,26_3
18_6,35_8
18_8,32_27
18_9,83_9
18_13,9_124
18_13,47_17
18_13,48_4
18_18,104_8
18_19,24_21
18_19,87_14
18_24,18_63
18_27,5_67
18_27,28_85
18_28,6_52
18_28,20_131
18_29,14_16
18_29,14_17
18_29,25_66
18_29,47_15
18_29,55_44
18_29,88_5
18_31,18_29
18_31,22_23
18_31,25_66
18_31,25_75
18_31,25_76
18_31,43_51
18_36,19_77
18_36,41_50
18_37,2_28
18_41,67_30
18_44,6_62
18_44,10_90
18_44,10_91
18_44,25_26
18_44,40_84
18_45,10_24
18_45,39_21
18_45,57_20
18_46,3_14
18_46,64_15
18_47,11_103
18_47,20_105
18_47,20_106
18_47,20_107
18_47,27_88
18_47,52_9
18_47,52_10
18_47,56_49
18_47,56_50
18_47,101_5
18_48,78_38
18_48,89_22
18_49,3_30
18_49,4_40
18_49,6_38
18_49,21_47
18_49,75_13
18_49,86_9
18_50,7_12
18_50,15_28
18_50,15_29
18_50,36_59
18_50,36_60
18_50,36_61
18_50,36_62
18_51,34_22
18_51,34_23
18_53,6_94
18_53,10_28
18_53,10_29
18_53,10_30
18_53,19_81
18_53,19_82
18_53,28_64
18_53,30_14
18_53,30_43
18_53,36_59
18_53,46_5
18_53,46_6
18_55,8_32
18_55,15_6
18_55,15_7
18_55,26_187
18_55,29_29
18_58,13_6
18_58,35_45
18_61,18_64
18_65,18_61
18_65,18_66
18_65,18_67
18_65,18_68
18_65,18_69
18_65,18_70
18_65,18_71
18_65,18_72
18_65,18_73
18_65,18_74
18_65,18_75
18_65,18_76
18_65,18_77
18_65,18_78
18_65,18_79
18_65,18_80
18_65,18_81
18_65,18_82
18_65,55_22
18_80,2_216
18_82,18_65
18_82,18_77
18_82,18_78
18_82,18_79
18_82,18_81
18_82,18_97
18_82,21_34
18_82,21_47
18_82,43_31
18_82,47_13
18_84,27_23
18_86,15_28
18_91,3_5
18_95,27_36
18_96,34_12
18_98,7_143
18_99,18_47
18_99,21_96
18_99,21_97
18_99,56_49
18_99,56_50
18_101,43_36
18_102,19_82
18_103,24_39
18_103,25_23
18_103,88_2
18_103,88_3
18_103,88_4
18_109,31_27
19_6,27_16
19_7,3_38
19_7,3_39
19_7,11_72
19_7,11_73
19_7,15_54
19_7,19_65
19_9,76_1
19_10,2_260
19_10,3_41
19_16,3_37
19_17,26_193
19_17,26_194
19_21,3_45
19_21,3_46
19_21,21_91
19_21,66_12
19_23,12_101
19_23,22_63
19_23,23_12
19_23,23_13
19_23,23_14
19_24,19_29
19_26,19_24
19_28,2_246
19_28,2_251
19_28,28_11
19_31,15_99
19_32,4_36
19_32,17_23
19_32,31_14
19_34,3_60
19_35,3_59
19_37,3_21
19_37,11_102
19_37,14_42
19_37,22_48
19_38,32_12
19_39,39_56
19_44,4_117
19_44,36_60
19_45,16_63
19_47,9_113
19_47,14_41
19_47,25_63
19_47,28_55
19_47,60_4
19_49,2_133
19_49,11_71
19_49,21_72
19_51,7_144
19_53,20_36
19_53,26_13
19_53,26_14
19_53,28_34
19_54,37_102
19_54,61_2
19_54,61_3
19_55,20_132
19_55,66_6
19_58,6_83
19_58,6_84
19_58,6_85
19_58,6_86
19_58,6_87
19_58,6_90
19_58,40_78
19_59,25_68
19_59,70_23
19_59,70_34
19_59,107_5
19_60,25_69
19_60,25_70
19_61,73_18
19_62,56_25
19_62,56_26
19_63,23_1
19_63,23_2
19_63,23_10
19_63,23_11
19_64,93_1
19_64,93_2
19_64,93_3
19_66,13_5
19_66,36_77
19_66,36_78
19_66,36_79
19_67,30_27
19_68,45_28
19_69,7_38
19_69,7_39
19_70,7_38
19_71,11_98
19_71,19_86
19_71,21_98
19_71,21_102
19_71,112_1
19_73,6_53
19_73,26_111
19_73,29_29
19_73,44_25
19_73,44_26
19_73,46_11
19_75,3_61
19_75,62_6
19_76,9_124
19_76,9_125
19_82,46_5
19_82,46_6
19_83,43_36
19_84,3_178
19_84,14_30
19_84,14_42
19_84,31_24
19_84,86_17
19_85,43_72
19_85,76_14
19_86,19_73
19_87,26_100
19_87,26_101
19_97,2_204
20_2,73_20
20_7,25_6
20_7,31_28
20_10,28_29
20_11,28_30
20_12,79_16
20_13,7_144
20_15,7_187
20_15,27_65
20_15,52_16
20_15,99_7
20_15,99_8
20_16,92_11
20_22,28_32
20_27,43_52
20_29,33_69
20_38,28_8
20_38,28_10
20_40,5_24
20_40,7_115
20_40,7_119
20_40,7_138
20_40,7_139
20_40,7_155
20_40,7_156
20_40,7_157
20_40,20_47
20_40,20_63
20_40,20_66
20_40,20_86
20_40,20_90
20_40,20_96
20_40,20_97
20_40,26_40
20_40,26_44
20_40,26_154
20_40,28_7
20_40,28_9
20_40,28_12
20_40,28_15
20_40,28_16
20_40,28_18
20_40,28_19
20_40,28_22
20_40,28_23
20_40,28_24
20_40,28_25
20_40,28_26
20_40,28_27
20_44,16_125
20_48,75_31
20_48,75_32
20_48,79_37
20_48,79_38
20_48,79_39
20_48,92_14
20_48,92_15
20_48,92_16
20_50,87_3
20_50,20_50
20_53,21_31
20_55,7_25
20_55,17_52
20_56,27_14
20_60,10_79
20_60,26_41
20_60,26_42
20_66,7_116
20_66,26_44
20_70,26_47
20_70,26_48
20_71,7_123
20_74,35_36
20_74,43_77
20_74,87_11
20_74,87_12
20_74,87_13
20_77,26_54
20_77,26_55
20_77,26_60
20_77,26_61
20_77,26_62
20_77,26_63
20_78,11_98
20_78,53_53
20_78,53_54
20_80,2_50
20_82,90_17
20_83,7_138
20_83,7_139
20_85,7_145
20_93,7_142
20_96,20_88
20_98,6_59
20_98,11_6
20_98,34_3
20_98,65_12
20_98,72_28
20_99,41_42
20_100,6_19
20_100,11_17
20_104,23_112
20_104,23_113
20_104,23_114
20_104,30_55
20_104,30_56
20_104,35_37
20_108,11_105
20_108,19_38
20_108,54_8
20_109,2_255
20_109,21_28
20_109,34_23
20_109,53_26
20_109,78_38
20_110,2_255
20_111,31_13
20_114,75_1
20_114,75_16
20_114,75_17
20_114,75_18
20_114,75_19
20_120,7_21
20_120,7_22
20_122,2_37
20_123,2_36
20_124,17_97
20_126,7_51
20_127,13_34
20_128,22_46
20_128,32_26
20_130,93_5
20_131,15_87
20_131,15_88
20_131,93_5
20_132,51_56
20_132,51_57
20_132,51_58
20_132,65_2
20_132,65_3
20_132,66_6
20_133,29_50
20_133,29_51
20_134,6_109
20_134,6_110
20_134,6_155
20_134,6_156
20_134,6_157
20_134,10_97
20_134,35_42
20_135,25_42
20_135,54_26
21_1,16_1
21_1,54_1
21_1,54_2
21_5,17_48
21_5,17_59
21_6,10_96
21_6,10_97
21_7,12_109
21_7,46_9
21_7,64_6
21_8,21_34
21_8,25_7
21_8,25_8
21_8,25_20
21_10,43_44
21_11,17_17
21_11,22_45
21_16,38_27
21_16,53_31
21_18,17_43
21_18,39_4
21_19,4_172
21_20,66_6
21_22,23_91
21_23,15_92
21_23,15_93
21_23,23_88
21_25,16_36
21_25,43_45
21_28,2_255
21_28,34_23
21_29,39_65
21_29,43_81
21_32,12_105
21_32,50_6
21_32,51_47
21_32,91_5
21_33,6_96
21_33,36_40
21_34,55_26
21_34,55_27
21_36,17_11
21_36,25_41
21_36,25_42
21_39,7_41
21_39,13_34
21_39,14_50
21_39,39_16
21_41,6_34
21_44,46_27
21_47,4_40
21_47,18_49
21_47,31_16
21_49,50_33
21_49,67_12
21_51,6_83
21_58,37_93
21_63,37_89
21_67,6_83
21_68,3_173
21_71,3_96
21_72,11_71
21_72,37_100
21_74,29_26
21_76,11_40
21_76,54_10
21_76,71_26
21_76,71_27
21_79,5_44
21_79,38_26
21_80,34_10
21_80,34_11
21_81,34_12
21_81,38_36
21_82,38_37
21_82,38_38
21_84,38_42
21_87,10_98
21_87,37_141
21_87,37_145
21_87,54_12
21_87,65_7
21_91,19_21
21_91,36_82
21_91,66_12
21_92,5_48
21_92,23_51
21_92,23_52
21_94,18_30
21_96,18_98
21_96,18_99
21_96,35_14
21_97,54_8
21_98,66_6
21_99,11_106
21_101,10_26
21_101,55_60
21_101,21_26
21_101,21_27
21_101,21_29
21_101,21_98
21_101,21_99
21_101,21_100
21_101,21_101
21_101,43_57
21_101,43_58
21_101,43_59
21_101,43_60
21_101,43_61
21_104,37_103
21_104,39_67
21_105,7_128
21_105,24_55
21_105,40_51
21_107,14_28
21_107,14_29
21_107,41_44
21_109,8_58
21_109,10_41
21_112,7_89
22_1,27_87
22_1,33_11
22_1,38_15
22_1,40_32
22_1,40_33
22_1,56_4
22_1,56_5
22_1,56_6
22_1,69_14
22_1,69_15
22_1,79_6
22_1,79_7
22_1,79_8
22_1,99_1
22_1,99_2
22_5,30_54
22_6,36_82
22_7,36_78
22_7,36_79
22_7,36_80
22_7,41_39
22_8,22_3
22_9,4_61
22_9,31_7
22_9,31_18
22_9,51_38
22_9,51_39
22_9,63_5
22_10,44_47
22_10,44_48
22_10,44_49
22_10,44_50
22_15,40_51
22_15,40_52
22_16,21_23
22_18,16_48
22_18,17_44
22_18,41_37
22_22,32_20
22_23,76_21
22_23,76_22
22_24,13_23
22_24,13_24
22_24,14_23
22_24,22_22
22_24,25_75
22_24,56_25
22_24,56_26
22_25,2_217
22_25,8_34
22_25,13_28
22_25,23_20
22_25,105_4
22_25,105_5
22_26,2_125
22_26,3_96
22_26,3_97
22_27,14_37
22_27,21_31
22_28,2_198
22_28,5_2
22_28,6_143
22_28,7_142
22_28,22_36
22_28,62_10
22_28,89_1
22_28,89_2
22_30,5_3
22_30,7_33
22_31,6_71
22_33,5_95
22_33,48_25
22_34,21_25
22_36,5_2
22_36,22_28
22_36,36_71
22_36,36_72
22_36,36_73
22_38,39_36
22_38,65_3
22_39,3_142
22_39,9_14
22_39,9_15
22_39,9_16
22_39,47_4
22_39,47_5
22_39,47_6
22_40,37_171
22_40,37_172
22_40,37_173
22_40,47_7
22_40,47_8
22_40,47_31
22_40,58_21
22_40,60_1
22_40,85_8
22_41,24_55
22_41,28_83
22_44,11_102
22_44,79_24
22_45,4_78
22_47,8_32
22_47,32_5
22_47,38_16
22_51,13_41
22_51,16_88
22_52,2_78
22_52,53_19
22_52,53_20
22_52,53_21
22_54,41_42
22_55,1_4
22_55,22_56
22_55,25_26
22_57,40_60
22_58,3_169
22_58,4_100
22_58,56_88
22_58,56_89
22_61,3_26
22_61,3_27
22_62,2_255
22_62,13_9
22_63,6_59
22_63,10_61
22_63,22_5
22_63,23_14
22_63,27_25
22_63,31_16
22_65,13_6
22_65,45_13
22_66,2_28
22_66,40_11
22_66,45_26
22_67,2_148
22_67,28_87
22_68,10_41
22_68,46_8
22_69,42_15
22_71,23_117
22_72,25_66
22_74,30_27
22_74,51_58
22_74,85_12
22_74,85_13
22_75,6_124
22_76,5_67
22_76,72_26
22_76,72_27
22_76,72_28
22_78,2_21
22_78,2_128
22_78,2_143
22_78,3_102
22_78,6_161
23_1,59_9
23_3,25_72
23_4,6_141
23_4,41_6
23_4,41_7
23_4,91_9
23_4,91_10
23_11,19_63
23_11,43_72
23_12,30_20
23_13,32_7
23_13,32_8
23_13,77_20
23_13,77_21
23_13,77_22
23_13,77_23
23_15,29_20
23_17,6_59
23_17,17_44
23_17,40_57
23_17,65_12
23_17,71_15
23_19,16_11
23_22,16_7
23_22,36_71
23_22,36_72
23_22,36_73
23_26,54_10
23_28,11_41
23_28,43_12
23_28,43_13
23_28,43_14
23_41,43_76
23_41,46_25
23_44,16_36
23_44,17_17
23_44,34_19
23_44,36_30
23_49,28_43
23_50,19_24
23_51,2_172
23_54,15_3
23_54,86_17
23_56,3_178
23_56,9_55
23_56,34_35
23_56,34_37
23_56,68_44
23_56,68_45
23_56,74_11
23_56,74_12
23_56,74_13
23_56,74_14
23_56,74_15
23_56,74_16
23_58,66_12
23_64,38_3
23_64,73_11
23_64,73_12
23_64,73_13
23_66,40_12
23_71,4_53
23_71,17_100
23_71,43_31
23_71,43_32
23_72,34_47
23_72,36_20
23_72,36_21
23_72,38_86
23_72,42_23
23_75,6_27
23_75,6_28
23_75,6_29
23_75,8_23
23_76,6_43
23_78,12_103
23_80,36_40
23_83,36_77
23_83,36_78
23_83,36_79
23_83,79_11
23_83,79_12
23_83,79_13
23_83,79_14
23_84,39_3
23_88,11_56
23_88,15_92
23_88,21_23
23_89,15_93
23_90,23_117
23_90,43_23
23_91,67_3
23_96,41_34
23_96,41_35
23_100,6_27
23_100,6_28
23_100,7_53
23_100,14_17
23_100,14_44
23_100,32_12
23_100,35_37
23_100,40_11
23_100,40_12
23_100,42_44
23_100,45_10
23_100,63_10
23_100,63_11
23_101,70_10
23_101,70_11
23_101,80_34
23_101,80_35
23_101,80_36
23_101,80_37
23_104,14_50
23_104,21_39
23_105,4_165
23_105,17_15
23_105,67_8
23_107,40_11
23_107,40_12
23_107,67_9
23_107,67_10
23_107,67_11
23_110,83_29
23_110,83_30
23_115,75_36
23_116,11_41
23_116,31_10
23_116,39_67
24_3,4_25
24_3,5_5
24_3,24_32
24_6,24_4
24_11,12_18
24_11,24_22
24_11,41_42
24_13,24_11
24_23,24_4
24_23,24_5
24_23,24_26
24_23,33_57
24_27,49_13
24_30,40_19
24_30,70_29
24_30,70_30
24_31,33_59
24_33,4_25
24_34,43_56
24_35,11_17
24_36,7_29
24_36,7_31
24_36,72_18
24_37,14_42
24_37,33_23
24_37,40_18
24_37,62_9
24_37,63_9
24_37,76_8
24_37,76_9
24_37,76_10
24_37,76_11
24_37,76_12
24_38,2_245
24_38,2_261
24_38,4_40
24_38,6_160
24_38,35_30
24_39,25_23
24_40,2_7
24_40,7_186
24_40,45_23
24_41,17_44
24_42,53_31
24_44,3_190
24_48,4_60
24_48,4_61
24_53,9_96
24_53,59_11
24_53,59_12
24_53,63_2
24_54,13_40
24_54,42_53
24_54,88_21
24_54,88_22
24_55,7_129
24_55,8_26
24_55,28_5
24_55,28_6
24_56,9_71
24_58,4_8
24_58,49_13
24_60,24_31
24_61,4_29
24_61,9_91
24_61,9_92
24_63,2_104
24_63,49_2
24_63,49_4
24_63,49_5
24_64,2_144
24_64,6_33
24_64,6_59
24_64,10_61
24_64,11_5
24_64,11_6
24_64,13_10
24_64,13_33
24_64,18_49
24_64,24_63
24_64,26_217
24_64,26_218
24_64,26_219
24_64,26_220
24_64,33_18
24_64,58_1
24_64,75_13
25_1,4_136
25_1,7_158
25_1,17_1
25_1,18_1
25_1,18_2
25_1,18_3
25_1,25_32
25_1,25_33
25_1,41_42
25_1,72_19
25_3,31_28
25_3,36_53
25_3,37_19
25_3,54_50
25_3,79_13
25_3,79_14
25_5,17_48
25_6,5_73
25_6,5_74
25_6,85_10
25_12,67_7
25_12,67_8
25_14,17_102
25_16,37_62
25_16,37_63
25_16,37_64
25_16,37_65
25_16,37_66
25_16,37_67
25_16,37_68
25_16,37_69
25_16,37_70
25_16,40_8
25_17,5_116
25_17,5_117
25_18,34_40
25_18,34_41
25_19,46_5
25_19,46_6
25_20,6_124
25_20,12_109
25_20,21_8
25_21,6_124
25_21,17_92
25_22,6_93
25_22,6_111
25_22,8_50
25_22,14_27
25_22,41_30
25_22,41_31
25_22,41_32
25_23,2_264
25_23,14_18
25_23,24_39
25_24,25_66
25_24,25_76
25_24,37_68
25_24,59_20
25_24,84_7
25_24,84_8
25_24,84_9
25_25,2_210
25_25,69_15
25_25,69_16
25_25,69_17
25_26,21_103
25_26,40_16
25_26,70_4
25_26,74_8
25_26,74_9
25_26,74_10
25_27,33_66
25_27,33_67
25_27,33_68
25_31,6_112
25_31,6_113
25_31,41_26
25_32,17_106
25_33,17_106
25_36,47_10
25_37,69_11
25_37,69_12
25_38,23_42
25_39,17_17
25_40,15_76
25_40,15_79
25_40,26_173
25_40,37_137
25_40,37_138
25_41,13_32
25_41,21_36
25_43,35_8
25_45,28_71
25_45,28_72
25_47,28_73
25_47,91_4
25_47,92_1
25_49,22_5
25_49,30_50
25_49,42_28
25_51,6_19
25_51,6_92
25_51,7_158
25_51,11_17
25_52,9_73
25_53,27_61
25_53,55_19
25_53,55_20
25_53,55_21
25_55,36_74
25_55,36_75
25_57,81_28
25_58,5_67
25_58,11_123
25_58,57_3
25_58,67_29
25_58,73_9
25_59,4_59
25_59,6_115
25_59,42_10
25_60,17_110
25_61,10_5
25_61,67_5
25_61,71_15
25_61,71_16
25_61,78_13
25_62,7_54
25_62,14_33
25_62,36_40
25_63,17_37
25_63,28_55
25_64,32_16
25_64,39_9
25_64,51_17
25_64,51_18
25_67,17_29
25_68,39_53
25_70,4_48
25_70,4_93
25_70,69_19
25_71,4_110
25_71,9_104
25_71,39_53
25_73,8_2
25_73,9_124
25_73,9_125
25_76,11_108
26_3,18_6
26_3,35_8
26_4,10_99
26_4,11_118
26_4,11_119
26_5,12_103
26_5,23_44
26_5,36_30
26_6,26_227
26_12,20_25
26_12,20_26
26_12,20_27
26_12,20_28
26_12,20_29
26_12,20_30
26_12,20_31
26_12,20_32
26_12,20_33
26_12,20_34
26_12,20_35
26_12,20_36
26_15,20_46
26_15,28_35
26_16,20_47
26_23,20_49
26_23,20_50
26_23,28_38
26_23,43_46
26_23,43_54
26_28,2_258
26_39,17_81
26_39,21_18
26_42,7_116
26_42,20_65
26_42,20_66
26_42,20_67
26_42,20_68
26_42,20_69
26_45,7_118
26_45,7_119
26_45,7_120
26_45,7_121
26_45,7_122
26_45,7_123
26_45,20_71
26_59,7_137
26_59,28_5
26_59,28_6
26_63,20_77
26_77,6_81
26_77,10_71
26_77,11_54
26_77,11_55
26_77,11_56
26_77,43_26
26_77,43_27
26_77,43_28
26_77,60_4
26_80,1_7
26_80,72_10
26_82,1_6
26_84,16_122
26_84,29_27
26_84,37_108
26_84,37_109
26_84,37_110
26_86,9_114
26_86,14_41
26_86,60_4
26_89,2_10
26_98,40_47
26_100,7_53
26_102,38_64
26_111,26_112
26_118,54_10
26_118,54_11
26_118,54_12
26_118,54_13
26_118,54_14
26_123,7_69
26_136,2_6
26_136,10_96
26_136,10_97
26_136,11_53
26_137,16_24
26_137,25_4
26_137,25_5
26_139,41_15
26_139,46_25
26_139,53_50
26_139,69_6
26_139,69_7
26_139,71_4
26_139,89_6
26_139,89_7
26_139,89_8
26_154,54_25
26_154,54_26
26_167,7_82
26_176,50_12
26_176,50_14
26_183,7_86
26_184,36_62
26_184,37_126
26_187,8_32
26_187,17_90
26_187,17_92
26_189,7_88
26_189,11_87
26_189,11_94
26_192,26_5
26_193,2_97
26_196,54_52
26_196,61_6
26_197,7_157
26_199,6_111
26_199,10_96
26_199,10_97
26_199,15_14
26_199,15_15
26_203,10_88
26_203,10_89
26_203,10_90
26_203,10_91
26_203,14_44
26_203,40_84
26_203,40_85
26_204,29_29
26_204,29_53
26_207,2_96
26_207,79_46
26_207,92_11
26_209,17_15
26_209,28_59
26_211,59_21
26_212,72_8
26_212,72_9
26_212,72_10
26_214,5_67
26_214,6_19
26_214,6_51
26_214,11_17
26_214,19_97
26_214,36_6
26_214,42_7
26_214,111_1
26_218,52_48
26_220,10_61
26_223,34_23
26_224,36_69
26_224,40_1
26_224,40_2
26_224,40_3
26_224,69_40
26_224,69_41
26_224,69_42
26_224,69_43
26_227,26_192
26_227,26_193
26_227,26_194
26_227,26_195
26_227,26_210
26_227,26_211
26_227,26_212
26_227,40_52
27_2,19_97
27_2,41_44
27_4,6_110
27_6,6_115
27_11,4_110
27_11,20_82
27_12,17_101
27_13,7_119
27_25,13_10
27_25,41_37
27_40,14_8
27_40,30_44
27_40,41_46
27_44,40_36
27_44,40_37
27_45,7_75
27_45,7_76
27_47,4_78
27_47,7_131
27_47,36_18
27_47,36_19
27_48,54_29
27_48,91_12
27_51,11_65
27_55,26_165
27_55,26_166
27_59,37_180
27_59,37_181
27_59,37_182
27_60,13_33
27_60,16_17
27_60,29_63
27_60,39_9
27_60,39_22
27_60,43_87
27_61,25_53
27_61,40_64
27_62,2_30
27_62,6_133
27_62,6_165
27_62,16_53
27_62,17_67
27_63,6_97
27_63,16_16
27_64,20_54
27_64,23_117
27_64,30_27
27_64,57_4
27_64,85_12
27_64,85_13
27_64,86_11
27_64,86_12
27_65,6_59
27_65,7_187
27_65,31_34
27_66,18_48
27_66,19_38
27_72,17_51
27_72,29_54
27_74,11_5
27_74,13_10
27_74,20_7
27_75,22_70
27_76,19_34
27_83,37_22
27_83,81_7
27_84,75_31
27_84,75_32
27_84,77_35
27_84,77_36
27_84,77_37
27_87,17_52
27_87,30_25
27_87,70_43
27_88,18_47
27_88,20_105
27_88,20_106
27_88,20_107
27_88,52_9
27_88,52_10
27_89,21_103
27_89,34_37
27_89,41_40
27_91,10_104
27_91,106_3
27_91,106_4
27_92,3_58
27_92,11_12
27_92,13_40
27_92,28_3
27_93,41_53
28_3,12_3
28_6,7_137
28_6,26_59
28_7,20_39
28_13,2_216
28_13,4_19
28_25,11_89
28_26,12_21
28_28,2_203
28_30,28_44
28_31,20_17
28_31,20_18
28_31,20_20
28_34,20_27
28_34,20_28
28_34,20_29
28_34,20_30
28_34,20_31
28_34,20_32
28_35,5_67
28_35,19_53
28_35,20_36
28_35,33_39
28_35,33_69
28_35,40_51
28_35,40_52
28_35,58_21
28_38,26_29
28_38,43_54
28_38,79_23
28_38,79_24
28_38,79_25
28_38,79_26
28_39,89_13
28_39,89_14
28_41,47_13
28_42,11_99
28_42,26_23
28_42,26_29
28_42,40_36
28_42,40_37
28_43,69_9
28_43,69_10
28_44,3_44
28_44,11_49
28_44,11_100
28_44,12_102
28_44,20_99
28_47,4_165
28_47,5_19
28_47,6_156
28_47,6_157
28_47,19_52
28_47,26_10
28_47,79_16
28_48,10_78
28_48,23_48
28_49,5_44
28_49,6_91
28_49,6_92
28_49,6_154
28_49,6_155
28_49,46_30
28_52,2_121
28_52,3_199
28_52,5_82
28_52,5_83
28_52,17_107
28_52,17_108
28_52,25_72
28_52,36_1
28_52,36_2
28_56,2_272
28_56,9_113
28_56,12_103
28_58,16_112
28_58,16_113
28_59,6_19
28_59,7_158
28_59,11_17
28_59,17_15
28_59,17_58
28_59,42_7
28_60,3_198
28_60,13_26
28_60,16_96
28_60,87_16
28_60,87_17
28_61,37_57
28_61,37_158
28_62,6_94
28_63,2_166
28_63,2_167
28_63,19_81
28_63,19_82
28_63,29_25
28_63,46_5
28_63,46_6
28_64,18_52
28_64,18_53
28_68,33_36
28_69,13_10
28_73,25_62
28_78,22_73
28_78,39_49
28_78,41_50
28_80,32_17
28_84,27_90
28_85,5_109
28_85,7_6
28_85,39_69
28_85,110_1
28_85,110_2
28_85,110_3
28_88,29_3
28_88,29_4
28_88,55_26
28_88,55_27
29_2,2_214
29_2,3_142
29_3,2_143
29_6,41_46
29_7,4_40
29_8,17_23
29_8,17_24
29_10,4_141
29_10,5_52
29_10,22_11
29_11,3_179
29_11,47_31
29_12,35_18
29_12,70_10
29_12,70_11
29_13,16_25
29_14,10_96
29_14,10_97
29_15,23_12
29_15,23_13
29_15,36_41
29_15,36_42
29_15,36_43
29_15,36_44
29_15,67_5
29_15,69_11
29_15,69_12
29_17,1_5
29_17,66_11
29_19,30_27
29_20,41_53
29_20,52_35
29_20,52_36
29_24,37_97
29_24,37_98
29_25,7_38
29_25,43_67
29_27,2_133
29_27,11_71
29_27,16_120
29_27,16_121
29_27,16_122
29_27,19_49
29_27,21_72
29_27,53_37
29_35,37_137
29_35,37_138
29_36,60_6
29_44,20_15
29_44,53_31
29_45,2_152
29_45,11_87
29_46,16_125
29_46,20_44
29_46,57_25
29_48,6_38
29_48,7_157
29_48,25_5
29_48,25_6
29_49,10_96
29_49,10_97
29_49,54_17
29_50,2_272
29_50,17_59
29_50,18_17
29_51,20_133
29_51,26_197
29_52,69_44
29_52,69_45
29_52,69_46
29_52,69_47
29_53,8_32
29_54,18_29
29_55,7_41
29_55,21_39
29_55,39_16
29_55,52_13
29_55,52_14
29_55,52_15
29_55,52_16
29_55,54_48
29_55,54_49
29_60,11_6
29_65,17_67
29_66,28_8
29_67,14_28
29_67,106_1
29_67,106_2
29_67,106_3
29_67,106_4
30_4,5_82
30_4,5_83
30_4,30_1
30_4,30_2
30_4,30_3
30_4,30_4
30_4,30_5
30_4,30_6
30_4,5_82
30_4,5_83
30_10,5_49
30_10,6_110
30_10,61_5
30_18,91_3
30_18,91_4
30_18,92_1
30_18,92_2
30_18,93_1
30_18,93_2
30_19,7_57
30_19,22_5
30_19,22_6
30_19,22_7
30_19,36_33
30_19,36_34
30_21,7_189
30_24,22_5
30_25,17_52
30_25,22_65
30_25,35_41
30_25,36_53
30_25,79_13
30_25,79_14
30_27,42_11
30_28,16_62
30_30,3_97
30_30,6_116
30_30,12_103
30_32,6_159
30_33,7_172
30_36,11_10
30_36,11_11
30_39,74_6
30_41,7_168
30_47,6_54
30_48,7_57
30_51,51_42
30_51,56_63
30_51,56_64
30_51,56_65
30_51,56_66
30_51,56_67
30_53,6_36
30_53,27_80
30_57,41_24
30_58,10_96
30_58,10_97
30_60,39_65
31_3,39_23
31_3,17_82
31_3,41_44
31_12,30_44
31_13,6_82
31_14,2_233
31_14,17_23
31_14,17_24
31_14,46_15
31_16,21_47
31_16,99_7
31_16,99_8
31_18,17_37
31_18,28_19
31_21,2_170
31_24,10_69
31_24,10_70
31_27,17_85
31_27,18_109
31_28,36_82
31_28,54_50
31_28,79_13
31_28,79_14
31_29,22_70
31_29,65_12
31_32,17_67
31_32,29_65
31_32,35_32
31_33,4_120
31_34,6_59
31_34,7_187
32_5,65_12
32_12,6_27
32_12,6_28
32_12,6_29
32_12,19_38
32_12,67_10
32_13,10_99
32_14,45_34
32_14,78_24
32_14,78_25
32_14,78_26
32_14,78_27
32_14,78_28
32_14,78_29
32_14,78_30
32_17,40_60
32_17,46_16
32_18,38_28
32_18,45_21
32_18,59_20
32_20,22_22
32_23,17_2
32_24,45_16
32_24,45_17
32_26,7_92
32_26,19_98
32_26,22_45
32_26,22_46
32_26,27_52
32_27,18_8
32_27,36_33
32_27,36_34
32_27,36_35
32_27,80_24
32_27,80_25
32_27,80_26
32_27,80_27
32_27,80_28
32_27,80_29
32_27,80_30
32_27,80_31
32_27,80_32
32_29,2_89
32_29,8_19
32_29,14_15
32_29,26_118
32_29,34_26
32_29,40_83
32_29,40_84
32_29,40_85
32_30,6_106
32_30,52_30
33_4,33_40
33_4,58_2
33_5,2_225
33_5,2_286
33_5,4_23
33_5,33_37
33_6,4_65
33_6,33_40
33_7,3_81
33_7,42_13
33_10,33_11
33_14,33_13
33_16,4_77
33_22,2_214
33_23,33_13
33_23,33_15
33_24,3_179
33_24,47_31
33_25,8_33
33_26,2_89
33_27,48_29
33_29,33_37
33_30,6_88
33_30,39_4
33_30,39_65
33_30,43_81
33_35,2_238
33_35,3_43
33_35,23_5
33_35,23_6
33_35,23_7
33_35,30_26
33_35,33_41
33_35,33_42
33_35,39_9
33_35,49_14
33_35,64_16
33_36,4_65
33_36,24_63
33_37,4_23
33_37,33_4
33_37,33_5
33_37,33_53
33_39,7_158
33_40,6_124
33_40,26_221
33_40,26_222
33_41,4_103
33_41,33_35
33_42,30_17
33_42,30_18
33_43,2_151
33_43,2_152
33_43,2_157
33_43,40_7
33_43,40_8
33_43,40_9
33_44,10_10
33_44,36_58
33_45,2_143
33_45,4_41
33_49,2_236
33_49,2_237
33_50,2_257
33_50,6_1
33_50,10_84
33_50,11_34
33_50,16_48
33_52,4_128
33_52,5_5
33_52,33_50
33_52,33_51
33_53,2_125
33_53,33_37
33_53,66_5
33_54,40_19
33_55,24_31
33_56,2_155
33_56,2_156
33_56,2_157
33_56,9_103
33_56,17_23
33_56,33_41
33_56,33_42
33_56,33_43
33_56,94_4
33_63,16_1
33_63,21_1
33_63,54_1
33_66,15_2
33_66,25_27
33_66,25_28
33_66,25_29
33_69,19_53
34_1,28_70
34_1,92_13
34_3,10_53
34_3,64_7
34_5,38_28
34_5,59_20
34_6,7_43
34_6,30_56
34_6,36_52
34_9,36_81
34_9,40_57
34_9,51_47
34_9,51_48
34_16,27_22
34_16,27_23
34_16,27_24
34_19,2_61
34_19,16_112
34_19,28_58
34_19,34_15
34_19,34_16
34_20,7_17
34_20,17_62
34_22,35_13
34_23,2_255
34_23,21_28
34_23,53_26
34_25,10_41
34_25,109_1
34_25,109_2
34_25,109_3
34_25,109_4
34_25,109_5
34_25,109_6
34_26,30_14
34_26,30_15
34_26,30_16
34_28,6_116
34_28,7_158
34_28,12_103
34_28,14_4
34_28,25_1
34_29,42_18
34_30,11_104
34_30,11_105
34_30,71_4
34_33,7_38
34_34,6_53
34_34,6_123
34_34,7_75
34_34,7_76
34_34,11_27
34_34,17_16
34_34,26_111
34_35,9_55
34_35,23_55
34_35,23_56
34_35,74_11
34_35,74_12
34_35,74_13
34_35,74_14
34_35,74_15
34_35,74_16
34_35,74_17
34_39,17_21
34_40,5_116
34_40,25_17
34_41,4_117
34_45,40_82
34_45,46_26
34_46,26_214
34_46,111_1
34_48,40_15
34_49,17_81
34_49,21_18
34_51,32_12
34_53,18_22
34_53,45_32
34_54,40_84
34_54,40_85
35_2,10_107
35_5,31_33
35_5,57_13
35_5,57_14
35_6,18_50
35_9,22_5
35_10,4_139
35_10,4_142
35_10,10_65
35_10,63_8
35_11,6_59
35_11,13_8
35_11,13_9
35_12,55_22
35_12,55_23
35_14,19_81
35_14,19_82
35_14,46_5
35_14,46_6
35_18,31_33
35_18,80_34
35_18,80_35
35_18,80_36
35_18,80_37
35_22,6_122
35_22,11_24
35_22,56_43
35_22,56_44
35_24,13_7
35_24,16_36
35_27,13_4
35_28,13_4
35_28,30_22
35_32,29_13
35_32,35_34
35_32,35_35
35_32,35_36
35_35,69_24
35_36,17_97
35_36,20_74
35_36,43_74
35_36,43_75
35_36,43_77
35_36,78_30
35_37,17_15
35_37,40_11
35_37,40_12
35_37,43_77
35_37,43_78
35_37,53_56
35_37,67_8
35_37,67_9
35_39,27_62
35_41,2_255
35_41,22_65
35_41,30_25
35_42,6_156
35_42,6_157
35_42,37_167
35_42,37_168
35_42,37_169
35_42,37_170
35_43,10_23
35_43,13_11
35_43,48_10
36_5,42_52
36_5,42_53
36_6,7_158
36_8,17_29
36_9,10_96
36_9,10_97
36_10,10_96
36_10,10_97
36_11,67_12
36_12,17_71
36_12,18_49
36_12,39_69
36_12,57_17
36_15,14_10
36_15,17_94
36_15,23_34
36_15,29_52
36_15,64_6
36_19,4_78
36_19,7_131
36_19,27_47
36_23,10_107
36_26,36_20
36_28,28_43
36_28,36_14
36_28,36_15
36_28,36_16
36_28,36_17
36_31,23_37
36_32,11_111
36_36,51_49
36_37,7_54
36_37,22_61
36_38,6_96
36_38,14_33
36_38,41_12
36_39,2_189
36_39,10_5
36_39,17_12
36_42,69_11
36_42,69_12
36_48,42_18
36_51,70_43
36_52,30_55
36_52,30_56
36_52,37_20
36_52,37_21
36_53,16_77
36_53,17_52
36_53,79_13
36_53,79_14
36_58,33_44
36_59,10_28
36_59,30_14
36_59,30_43
36_59,37_22
36_59,37_23
36_62,45_28
36_64,52_13
36_64,52_14
36_64,52_15
36_68,22_5
36_68,30_54
36_69,41_42
36_69,53_32
36_70,6_19
36_70,11_17
36_77,76_2
36_77,77_20
36_77,77_21
36_77,77_22
36_81,40_57
36_81,46_33
36_83,23_88
36_83,67_1
37_3,77_5
37_3,77_6
37_5,55_17
37_5,70_40
37_6,15_16
37_6,15_17
37_6,15_18
37_6,67_5
37_8,34_23
37_9,67_5
37_10,72_8
37_10,72_9
37_10,72_10
37_11,40_57
37_18,27_87
37_18,40_60
37_23,17_97
37_27,34_31
37_27,34_32
37_27,34_33
37_27,40_47
37_27,40_48
37_37,41_43
37_40,19_71
37_40,19_72
37_40,74_38
37_40,74_39
37_40,95_4
37_40,95_5
37_40,95_6
37_40,103_1
37_40,103_2
37_40,103_3
37_47,56_17
37_47,56_18
37_47,56_19
37_48,12_32
37_48,55_70
37_51,6_112
37_51,114_1
37_51,114_2
37_51,114_3
37_51,114_4
37_51,114_5
37_51,114_6
37_57,7_43
37_58,52_19
37_62,23_20
37_62,56_51
37_62,56_52
37_63,17_60
37_66,88_6
37_66,88_7
37_68,25_24
37_68,55_44
37_76,37_77
37_89,21_63
37_101,11_71
37_101,15_53
37_101,37_112
37_102,19_54
37_102,19_55
37_105,53_37
37_105,65_2
37_105,65_3
37_112,11_71
37_112,19_53
37_112,51_28
37_113,11_48
37_117,21_48
37_143,21_87
37_143,21_88
37_147,2_74
37_147,4_77
37_147,53_9
37_148,10_98
37_149,16_58
37_149,53_21
37_149,53_22
37_150,43_19
37_153,17_40
37_153,37_154
37_163,7_179
37_163,51_8
37_163,51_9
37_166,21_26
37_166,21_27
37_166,21_28
37_166,21_29
37_166,37_1
37_169,6_156
37_169,6_157
37_169,35_42
37_171,40_51
37_171,58_21
38_1,21_10
38_1,38_14
38_1,38_64
38_3,21_12
38_3,21_13
38_4,10_2
38_6,28_56
38_8,43_31
38_8,43_32
38_9,4_53
38_9,4_54
38_9,4_55
38_9,17_100
38_8,54_25
38_9,54_26
38_11,4_55
38_11,17_100
38_11,54_25
38_11,54_26
38_11,54_44
38_11,54_45
38_11,54_46
38_16,8_32
38_17,51_47
38_18,34_10
38_24,6_84
38_24,6_90
38_30,27_16
38_41,21_83
38_44,65_2
38_44,65_3
38_51,56_18
38_54,11_108
38_54,13_35
38_54,16_96
38_54,41_8
38_59,7_38
38_63,7_44
38_63,7_48
38_63,7_49
38_83,17_62
38_83,17_65
38_85,17_63
38_85,32_13
38_87,6_19
38_87,11_17
39_1,26_192
39_1,26_193
39_1,26_194
39_1,26_195
39_1,41_41
39_1,41_42
39_3,16_36
39_3,16_74
39_3,21_25
39_3,34_40
39_3,34_41
39_4,21_17
39_4,43_81
39_5,7_54
39_6,4_1
39_6,6_143
39_6,6_144
39_6,23_14
39_7,14_8
39_8,10_12
39_8,14_30
39_8,17_67
39_8,31_24
39_9,3_113
39_10,4_97
39_16,7_41
39_16,29_55
39_18,7_145
39_21,18_45
39_21,25_48
39_22,6_122
39_23,3_7
39_23,6_88
39_23,8_2
39_23,8_3
39_23,8_4
39_23,13_33
39_23,25_73
39_23,38_49
39_23,38_55
39_23,82_13
39_23,82_14
39_23,83_7
39_23,83_18
39_24,41_40
39_24,54_48
39_24,67_22
39_27,29_43
39_27,30_28
39_30,3_144
39_30,102_8
39_35,46_16
39_38,11_54
39_38,11_55
39_38,11_56
39_41,11_12
39_41,13_40
39_42,6_60
39_42,6_61
39_44,2_255
39_45,37_35
39_49,28_78
39_51,28_76
39_51,28_77
39_51,28_78
39_49,34_35
39_53,2_255
39_53,4_110
39_53,4_145
39_53,4_146
39_53,5_73
39_53,5_74
39_53,9_104
39_53,11_46
39_53,16_90
39_53,25_68
39_53,25_70
39_53,28_38
39_53,65_2
39_53,65_3
39_53,79_24
39_53,85_10
39_58,6_28
39_58,35_14
39_65,6_88
39_68,17_52
39_68,30_25
39_68,37_24
39_68,40_16
39_68,79_13
39_68,79_14
39_69,4_40
39_69,21_47
39_71,17_97
39_71,19_85
39_71,19_86
39_71,52_13
39_71,67_8
39_71,67_9
39_71,67_10
39_71,67_11
39_74,3_194
39_74,7_43
39_74,21_105
39_74,35_34
39_74,35_35
39_74,76_14
39_75,3_196
39_75,3_197
39_74,6_1
39_75,13_41
39_75,14_34
39_75,15_49
39_75,15_50
39_75,31_24
39_75,40_1
39_75,40_2
39_75,40_3
39_75,40_4
39_75,40_5
39_75,40_6
39_75,40_7
39_75,69_17
40_3,13_41
40_3,14_34
40_3,15_49
40_3,15_50
40_4,3_196
40_4,3_197
40_4,31_24
40_7,69_17
40_8,52_21
40_11,2_28
40_11,6_27
40_11,6_28
40_11,23_107
40_11,23_108
40_11,32_12
40_11,35_37
40_12,6_28
40_15,16_2
40_15,26_192
40_15,26_193
40_15,26_194
40_15,26_195
40_15,70_3
40_15,70_4
40_17,31_28
40_17,54_50
40_18,16_1
40_18,21_1
40_18,53_57
40_18,53_58
40_18,54_1
40_18,67_27
40_18,78_38
40_20,53_31
40_21,30_9
40_21,46_26
40_24,51_52
40_24,51_53
40_25,7_129
40_28,28_20
40_28,40_26
40_28,44_17
40_28,44_18
40_28,44_19
40_28,44_20
40_28,44_21
40_29,11_97
40_29,17_102
40_29,20_79
40_29,27_14
40_29,42_23
40_32,7_44
40_32,7_50
40_32,55_33
40_32,69_17
40_33,75_11
40_33,75_12
40_36,28_38
40_38,40_29
40_43,35_14
40_43,46_5
40_43,46_6
40_48,7_38
40_49,23_108
40_57,46_33
40_60,22_78
40_64,2_21
40_64,2_22
40_65,40_14
40_67,22_5
40_70,77_15
40_72,37_68
40_72,44_43
40_72,44_44
40_72,44_45
40_72,44_46
40_72,44_47
40_72,44_48
40_72,44_49
40_72,44_50
40_72,55_43
40_72,55_44
40_72,56_41
40_72,56_42
40_72,56_43
40_72,56_44
40_72,56_51
40_72,56_52
40_72,56_53
40_72,56_54
40_72,56_55
40_72,56_56
40_74,6_23
40_79,36_72
40_84,10_88
40_84,10_90
40_84,10_91
41_2,16_102
41_2,26_192
41_2,26_193
41_2,26_194
41_2,11_1
41_2,41_42
41_5,41_13
41_7,91_9
41_7,91_10
41_8,6_141
41_8,11_108
41_8,18_3
41_8,49_17
41_7,52_27
41_7,79_18
41_7,87_14
41_8,87_15
41_9,2_29
41_9,4_42
41_9,4_56
41_9,4_58
41_9,4_96
41_9,6_23
41_9,7_54
41_9,15_2
41_9,23_101
41_9,37_27
41_9,39_68
41_9,79_27
41_9,79_28
41_9,79_29
41_9,79_30
41_9,79_31
41_9,79_32
41_9,79_33
41_10,14_34
41_12,41_9
41_12,41_10
41_12,50_38
41_12,50_39
41_14,46_21
41_15,51_47
41_16,54_19
41_16,69_6
41_16,69_7
41_19,19_86
41_21,36_65
41_24,23_106
41_24,23_107
41_24,23_108
41_25,43_36
41_25,43_37
41_26,7_204
41_29,7_38
41_29,16_88
41_36,7_199
41_36,7_200
41_36,23_96
41_36,23_97
41_36,23_98
41_38,6_89
41_44,2_171
41_44,17_82
41_44,26_198
41_44,26_199
41_45,42_14
41_45,46_35
41_47,6_59
41_47,7_187
41_47,13_8
41_47,35_11
41_47,79_44
41_48,18_53
41_51,10_12
41_51,51_39
41_51,96_6
41_51,96_7
41_53,4_166
42_4,13_9
42_4,34_23
42_5,40_7
42_7,11_103
42_7,11_104
42_7,11_105
42_7,64_9
42_10,4_59
42_13,5_48
42_13,21_25
42_13,33_7
42_15,10_41
42_15,34_26
42_17,55_7
42_17,55_8
42_17,55_9
42_17,57_25
42_18,30_27
42_18,34_29
42_19,11_6
42_20,17_18
42_20,17_19
42_20,17_20
42_20,17_21
42_23,4_40
42_23,33_33
42_24,17_11
42_24,69_44
42_24,69_45
42_24,69_46
42_24,69_47
42_24,96_18
42_25,4_110
42_26,3_195
42_26,6_36
42_26,39_18
42_28,30_49
42_30,35_45
42_30,99_7
42_30,99_8
42_38,3_159
42_39,12_92
42_40,2_194
42_40,5_45
42_40,16_126
42_44,6_27
42_44,6_28
42_44,18_17
42_47,75_10
42_48,2_272
42_48,13_40
42_48,75_11
42_48,75_12
42_50,19_21
42_52,41_44
43_3,26_195
43_4,56_77
43_4,56_78
43_4,56_79
43_4,56_80
43_4,80_11
43_4,80_12
43_4,80_13
43_4,80_14
43_4,80_15
43_4,80_16
43_8,33_62
43_8,40_82
43_8,40_85
43_8,43_56
43_14,2_197
43_14,7_26
43_15,6_136
43_15,53_21
43_15,53_22
43_20,16_36
43_20,43_45
43_21,30_35
43_22,21_92
43_23,51_52
43_23,51_53
43_36,4_115
43_36,41_25
43_36,61_5
43_44,21_10
43_44,26_214
43_45,16_36
43_48,7_133
43_48,7_134
43_48,7_135
43_51,79_23
43_51,79_24
43_51,79_25
43_52,20_26
43_57,21_26
43_57,21_98
43_57,21_101
43_61,4_159
43_67,29_25
43_72,7_43
43_72,39_57
43_77,35_36
43_77,87_11
43_77,87_12
43_77,87_13
43_79,27_50
43_81,31_14
43_81,39_4
43_81,46_15
43_84,6_3
43_88,25_30
43_88,43_80
44_3,2_185
44_3,97_1
44_8,7_158
44_10,38_86
44_11,52_13
44_11,52_14
44_12,6_27
44_12,14_44
44_13,34_51
44_13,34_52
44_13,34_53
44_13,34_54
44_13,89_23
44_13,89_24
44_15,6_28
44_15,7_88
44_15,7_89
44_15,10_98
44_15,23_75
44_18,20_47
44_19,40_60
44_21,10_88
44_21,10_89
44_23,20_77
44_28,7_137
44_28,26_59
44_31,23_46
44_31,28_4
44_31,29_39
44_32,3_42
44_32,7_144
44_38,23_115
44_38,23_116
44_38,38_27
44_41,23_101
44_41,70_10
44_41,70_11
44_48,22_19
44_48,22_20
44_50,52_13
44_50,52_14
44_50,52_15
44_50,75_34
44_50,75_35
44_54,55_56
44_54,55_58
44_54,55_60
44_59,40_51
44_59,40_52
44_59,58_21
45_3,2_164
45_13,16_53
45_21,59_20
45_23,7_186
45_26,2_28
45_26,11_104
45_26,30_27
45_26,64_9
45_26,70_6
45_26,70_7
45_26,77_12
45_26,77_13
45_28,39_69
45_28,75_13
45_28,75_14
45_28,75_15
45_29,18_49
46_6,19_81
46_6,19_82
46_6,29_25
46_8,25_5
46_8,25_6
46_8,48_2
46_8,69_44
46_8,69_45
46_8,69_46
46_8,69_47
46_8,72_22
46_8,72_23
46_9,48_5
46_10,17_107
46_10,17_108
46_10,28_53
46_11,6_53
46_15,2_233
46_15,17_23
46_15,29_8
46_15,31_14
46_15,43_81
46_21,2_66
46_21,41_13
46_21,41_14
46_21,42_18
46_25,51_42
46_29,2_200
46_29,6_130
46_29,9_122
46_29,12_109
46_29,25_20
46_29,29_27
46_29,41_12
46_29,55_13
46_29,55_22
46_29,62_10
46_29,72_1
46_29,72_19
46_29,110_1
46_29,110_2
46_29,110_3
46_30,6_115
46_30,9_33
46_31,18_107
46_31,55_46
46_31,55_47
46_31,55_74
46_31,71_4
46_33,40_57
46_35,10_45
46_35,73_11
46_35,79_46
46_35,86_17
47_1,25_23
47_4,2_193
47_4,3_142
47_4,8_67
47_4,8_68
47_4,9_5
47_4,9_14
47_4,9_15
47_5,10_9
47_7,22_40
47_13,11_20
47_14,13_19
47_14,59_20
47_15,37_46
47_15,37_47
47_15,44_55
47_15,55_52
47_15,56_19
47_18,16_1
47_18,21_1
47_18,34_52
47_18,53_56
47_18,53_57
47_18,54_1
47_18,89_23
47_19,6_60
47_19,11_6
47_20,4_77
47_27,4_81
47_27,6_93
47_27,8_50
47_33,4_48
48_2,48_5
48_5,3_185
48_10,4_80
48_10,9_111
48_10,19_71
48_10,19_72
48_10,48_18
48_10,48_24
48_15,9_83
48_20,2_216
48_24,48_25
48_26,37_35
48_26,48_24
48_26,60_10
48_29,5_54
48_29,9_72
48_29,9_123
49_2,24_63
49_5,49_17
49_7,23_71
49_7,33_6
49_11,4_29
49_11,68_11
49_11,104_1
49_12,12_87
49_14,52_21
50_1,10_2
50_1,31_27
50_1,38_1
50_1,38_2
50_5,51_8
50_5,51_9
50_6,67_3
50_6,67_4
50_7,51_49
50_11,40_57
50_11,41_39
50_11,46_33
50_14,26_105
50_15,30_27
50_15,36_78
50_15,36_79
50_16,15_9
50_16,56_85
50_18,82_10
50_18,82_11
50_18,82_12
50_18,13_39
50_22,17_13
50_22,17_14
50_22,19_38
50_22,32_12
50_27,14_22
50_35,10_26
50_38,40_57
50_38,46_33
50_38,79_27
50_40,17_79
50_44,17_52
50_44,31_28
50_44,54_8
50_44,54_50
50_45,2_272
50_45,13_40
50_45,15_97
50_45,15_98
50_45,15_99
50_45,28_56
50_45,88_21
50_45,88_22
51_9,37_161
51_9,37_162
51_9,37_163
51_10,80_17
51_16,69_24
51_18,3_17
51_18,12_98
51_25,4_86
51_26,11_69
51_28,11_70
51_28,11_71
51_28,11_72
51_28,11_73
51_31,11_74
51_31,11_75
51_31,11_76
51_34,29_32
51_39,11_80
51_39,22_9
51_43,41_17
51_56,31_25
51_60,21_32
51_60,52_10
51_60,52_11
51_60,52_12
51_60,52_13
51_60,52_14
51_60,81_6
52_5,21_32
52_6,81_6
52_19,69_24
52_20,37_44
52_21,74_38
52_21,74_39
52_21,74_40
52_21,74_41
52_23,37_46
52_23,37_47
52_23,56_19
52_24,56_17
52_24,56_18
52_44,15_14
52_44,15_15
52_47,32_21
52_49,17_79
53_1,56_75
53_1,56_76
53_1,56_77
53_1,56_78
53_1,56_79
53_1,56_80
53_5,81_19
53_5,81_20
53_5,81_21
53_6,27_67
53_9,2_74
53_9,4_77
53_9,37_147
53_10,94_4
53_13,5_67
53_13,6_103
53_13,31_34
53_13,42_51
53_13,81_23
53_18,20_23
53_24,4_123
53_26,2_255
53_26,34_23
53_27,43_19
53_32,4_31
53_32,4_49
53_32,39_53
53_33,75_31
53_33,75_32
53_35,34_39
53_37,2_124
53_37,16_123
53_37,30_17
53_38,35_18
53_39,36_12
53_40,9_105
53_44,67_2
53_46,75_36
53_46,75_37
53_46,75_38
53_46,75_39
53_46,75_40
53_50,69_6
53_50,69_7
53_50,89_6
53_50,89_7
53_50,89_8
53_54,26_173
53_56,46_9
53_57,34_46
53_57,54_1
53_60,17_109
53_62,10_101
53_62,54_6
54_1,16_1
54_1,21_1
54_5,6_149
54_5,10_101
54_8,74_9
54_8,74_10
54_9,26_116
54_15,36_41
54_15,36_42
54_15,69_11
54_15,69_12
54_17,19_97
54_17,38_29
54_28,26_155
54_29,91_12
54_37,11_79
54_37,15_71
54_49,11_7
54_49,25_2
54_49,87_1
54_49,87_2
54_49,87_3
54_51,34_54
55_5,6_96
55_5,36_40
55_6,22_18
55_7,57_25
55_9,26_182
55_11,3_59
55_11,3_60
55_17,70_40
55_17,73_9
55_19,25_53
55_22,6_130
55_22,35_12
55_26,28_88
55_27,18_28
55_27,76_9
55_33,10_27
55_33,75_10
55_33,75_11
55_33,75_12
55_37,25_25
55_37,69_16
55_37,84_1
55_37,84_2
55_39,15_92
55_39,15_93
55_39,77_35
55_39,77_36
55_44,33_53
55_44,40_71
55_44,40_72
55_44,88_5
55_46,55_62
55_46,79_40
55_54,69_23
55_54,76_14
55_60,10_26
55_64,55_48
55_66,55_50
55_68,55_52
55_72,55_56
55_74,55_58
55_76,55_54
55_76,55_60
55_78,56_10
55_78,56_11
55_78,56_12
55_78,56_13
55_78,56_15
55_78,56_16
55_78,56_39
55_78,56_40
55_78,69_15
56_1,69_15
56_2,6_73
56_2,42_47
56_2,70_1
56_2,70_2
56_4,22_1
56_4,99_1
56_5,73_14
56_7,35_32
56_7,56_27
56_7,56_41
56_7,81_7
56_10,3_133
56_10,57_21
56_14,56_10
56_14,56_11
56_14,56_12
56_14,56_13
56_14,56_39
56_14,56_40
56_14,69_15
56_22,5_6
56_22,76_21
56_23,37_49
56_23,55_70
56_26,14_23
56_26,88_11
56_30,4_57
56_30,13_35
56_30,77_41
56_31,47_15
56_32,2_25
56_35,38_31
56_35,38_32
56_35,56_22
56_35,56_23
56_40,11_78
56_40,37_49
56_43,77_29
56_43,77_30
56_43,77_31
56_43,77_32
56_43,77_33
56_43,77_34
56_50,11_103
56_50,11_104
56_50,11_105
56_56,18_107
56_62,19_67
56_62,30_27
56_62,36_77
56_62,36_78
56_62,36_79
56_62,37_16
56_62,75_36
56_62,75_37
56_62,75_38
56_62,75_39
56_62,75_40
56_70,16_10
56_70,16_11
56_76,56_77
56_79,26_210
56_79,26_211
56_79,26_212
56_82,35_2
56_83,75_26
56_83,75_27
56_83,75_28
56_83,75_29
56_83,75_30
56_85,6_61
56_85,6_62
56_89,14_27
56_91,41_30
56_91,41_31
56_91,41_32
56_96,87_1
57_1,17_44
57_3,10_94
57_3,65_12
57_4,6_59
57_4,11_5
57_4,13_10
57_5,4_40
57_5,19_93
57_5,19_94
57_5,19_95
57_5,21_47
57_5,28_70
57_5,34_1
57_5,92_13
57_7,102_1
57_7,2_3
57_8,5_7
57_10,4_95
57_10,16_96
57_10,34_39
57_10,73_20
57_11,2_245
57_12,17_71
57_13,4_142
57_13,7_46
57_13,24_40
57_13,66_8
57_15,74_38
57_15,74_39
57_15,74_40
57_15,74_41
57_15,74_42
57_15,74_43
57_15,74_44
57_15,74_45
57_15,74_46
57_15,74_47
57_15,74_48
57_16,5_13
57_16,12_3
57_16,39_23
57_19,4_69
57_20,3_14
57_20,30_54
57_20,42_28
57_21,3_133
57_24,14_8
57_25,6_115
57_25,7_43
57_25,11_17
57_25,30_30
57_25,55_7
57_27,5_44
57_27,57_28
57_27,57_29
57_28,8_29
57_29,6_109
57_29,7_12
57_29,21_95
58_1,24_33
58_7,9_78
58_7,43_80
58_11,24_28
58_14,4_143
58_18,6_23
58_18,6_24
58_21,40_51
58_21,40_52
58_22,3_28
58_22,9_24
58_22,58_19
59_1,17_44
59_2,16_26
59_7,11_88
59_9,2_177
59_9,59_6
59_9,76_8
59_10,8_41
59_10,9_60
59_10,9_100
59_10,59_6
59_10,59_7
59_10,59_9
59_13,4_77
59_14,6_65
59_18,4_1
59_19,21_90
59_19,63_9
59_20,38_28
59_20,40_58
59_20,45_21
59_21,2_74
59_21,13_31
59_22,6_54
59_22,7_156
59_22,10_58
59_22,10_46
59_22,13_33
59_22,85_9
59_24,17_44
59_24,82_8
60_1,3_28
60_1,4_144
60_1,5_51
60_1,5_57
60_1,22_40
60_1,85_8
60_4,9_113
60_4,9_114
60_6,14_8
60_7,3_103
60_7,8_62
60_7,8_63
60_9,5_51
60_12,17_32
61_2,4_77
61_2,4_78
61_2,47_20
61_5,4_115
61_5,6_110
61_5,33_69
61_6,3_81
61_6,7_157
61_13,22_40
61_13,47_7
62_1,17_44
62_2,3_20
62_2,6_19
62_2,7_158
62_2,11_17
62_2,26_214
62_2,43_44
62_5,7_179
62_7,2_94
62_7,2_95
62_7,2_96
62_7,3_61
62_7,19_75
62_8,4_78
62_9,17_19
62_9,37_102
63_4,33_19
63_10,14_44
63_10,23_99
63_10,23_100
64_3,40_64
64_3,82_6
64_3,82_7
64_3,82_8
64_7,10_53
64_7,34_3
64_9,11_103
64_9,56_49
64_9,56_50
64_9,64_10
64_11,2_156
64_11,57_22
64_13,73_9
64_14,63_9
64_15,3_14
64_15,3_102
64_18,2_245
65_3,13_8
65_4,2_234
65_6,2_233
65_7,2_286
65_7,94_5
65_7,94_6
65_10,15_9
65_11,2_257
65_11,14_1
65_11,42_52
65_12,17_44
65_12,57_3
65_12,71_15
66_1,33_21
66_5,2_125
66_5,4_83
66_5,9_112
66_6,14_14
66_6,21_98
66_11,3_28
66_12,66_5
67_1,2_28
67_5,37_6
67_5,37_7
67_5,37_8
67_5,37_9
67_5,37_10
67_9,17_15
67_9,39_71
67_16,35_45
67_17,17_68
67_19,16_79
67_22,37_22
67_22,37_23
67_22,37_24
67_22,37_25
67_22,37_26
67_27,39_47
67_27,39_48
67_29,11_123
67_30,11_108
67_30,34_24
67_30,54_26
68_1,38_1
68_1,45_29
68_1,50_1
68_1,96_3
68_1,96_4
68_1,96_5
68_3,11_108
68_3,95_6
68_6,34_24
68_6,54_26
68_15,68_16
68_15,74_11
68_15,74_12
68_15,74_13
68_15,74_14
68_15,74_15
68_15,74_16
68_15,74_17
68_15,74_18
68_15,74_19
68_15,74_20
68_15,74_21
68_15,74_22
68_15,74_23
68_15,74_24
68_15,74_25
68_15,74_26
68_44,6_44
68_44,11_102
68_44,23_55
68_44,23_56
68_48,21_87
68_48,21_88
68_48,37_143
68_48,37_144
69_5,91_11
69_7,41_16
69_10,26_105
69_10,26_123
69_10,26_141
69_10,50_14
69_11,36_41
69_11,36_42
69_11,43_12
69_11,43_13
69_16,78_19
69_20,2_46
69_20,11_18
69_40,81_19
69_40,81_20
69_40,81_21
69_40,81_22
69_40,81_23
69_40,81_24
69_40,81_25
69_48,41_44
69_50,26_200
69_50,26_201
69_50,34_54
69_52,8_32
69_52,14_27
69_52,22_47
69_52,42_18
69_52,70_7
69_52,70_8
69_52,70_9
69_52,70_10
69_52,101_5
70_1,8_32
70_1,22_47
70_4,14_27
70_5,42_18
70_9,101_5
70_10,23_101
70_10,31_33
70_10,35_18
70_10,80_34
70_10,80_35
70_10,80_36
70_10,80_37
70_23,23_1
70_23,23_2
70_33,2_283
70_35,23_10
70_35,23_11
70_36,74_49
70_36,74_50
70_36,74_51
70_39,77_20
70_39,86_5
70_39,86_6
70_39,86_7
70_39,86_8
70_39,86_9
70_39,86_10
70_40,36_81
70_40,36_82
70_40,40_57
70_40,46_33
70_40,56_60
70_40,56_61
70_40,75_3
70_40,75_4
70_41,47_38
71_7,41_26
71_16,10_5
71_22,34_33
71_24,10_88
71_24,14_35
71_24,14_36
71_26,11_43
72_1,46_29
72_13,20_112
72_16,5_66
72_16,6_44
72_16,7_96
72_16,23_55
72_16,23_56
72_19,72_1
72_23,5_67
72_27,2_255
72_28,2_143
72_28,29_11
73_2,17_79
73_2,32_16
73_2,73_20
73_8,94_7
73_9,1_5
73_9,11_123
73_11,31_24
73_16,79_25
73_19,76_30
73_20,2_245
73_20,6_91
73_20,12_68
73_20,17_110
74_5,7_142
74_5,33_1
74_10,54_8
74_25,17_48
74_31,37_164
74_31,37_165
74_31,37_166
74_47,15_99
74_52,6_124
74_56,76_30
75_6,34_29
75_6,34_30
75_7,14_43
75_9,81_1
75_9,81_2
75_12,42_47
75_13,18_49
75_14,17_14
75_15,6_23
75_15,16_28
75_15,16_87
75_15,40_52
75_15,58_18
75_16,20_114
75_23,10_26
75_23,83_15
75_25,3_106
75_25,69_22
75_25,80_38
75_25,80_39
75_25,80_40
75_25,80_41
75_25,80_42
75_25,88_2
75_25,88_3
75_25,88_4
75_25,88_8
75_25,88_9
75_26,56_83
75_26,56_84
75_26,56_85
75_26,56_86
75_26,56_87
75_30,6_61
75_30,6_62
75_33,83_31
75_33,84_13
75_33,84_14
75_33,84_15
75_35,39_15
75_35,41_40
75_35,44_49
75_35,77_46
75_40,30_27
75_40,75_1
75_40,77_50
75_40,95_8
76_2,67_2
76_3,30_30
76_3,41_17
76_3,90_10
76_4,40_71
76_4,40_72
76_6,17_90
76_6,18_33
76_8,2_177
76_8,3_92
76_11,80_38
76_11,80_39
76_13,18_108
76_14,55_54
76_14,69_23
76_18,76_6
76_21,22_23
76_22,7_43
76_22,69_24
76_26,17_79
76_26,73_1
76_26,73_2
76_26,73_3
76_26,73_4
76_28,4_133
76_28,14_19
76_28,14_20
76_28,35_16
76_28,35_17
76_29,4_39
77_1,7_57
77_1,15_22
77_8,81_2
77_8,82_2
77_10,18_47
77_10,20_105
77_10,20_106
77_10,20_107
77_11,5_109
77_11,39_69
77_13,14_47
77_13,14_48
77_28,77_21
77_39,11_57
77_39,55_33
77_46,10_69
77_46,10_70
77_46,31_24
77_50,45_6
78_8,30_21
78_10,91_4
78_14,30_48
78_16,13_4
78_17,11_104
78_18,17_71
78_20,18_47
78_20,20_105
78_20,20_106
78_20,20_107
78_20,27_88
78_20,101_5
78_23,11_107
78_30,38_58
78_35,52_23
78_37,2_255
78_37,11_105
78_38,11_105
78_38,26_193
78_38,26_194
78_38,42_52
78_40,18_49
78_40,75_13
79_6,69_14
79_6,73_14
79_13,16_77
79_13,17_52
79_13,54_50
79_14,14_48
79_14,18_47
79_14,20_105
79_14,20_106
79_14,20_107
79_15,79_26
79_24,28_38
79_25,11_99
79_25,28_41
79_27,36_81
79_27,40_57
79_34,54_46
79_35,89_23
79_44,7_187
80_20,76_3
80_22,2_259
80_22,30_20
80_42,71_27
81_2,82_2
81_5,6_38
81_5,38_19
81_6,52_6
81_7,37_22
81_7,56_7
81_7,56_8
81_7,56_9
81_7,56_10
81_14,3_30
81_14,75_13
81_17,6_96
81_17,92_1
81_17,92_2
81_17,93_1
81_17,93_2
81_20,53_5
81_20,53_6
81_23,53_7
81_23,53_8
81_23,53_9
81_23,53_10
81_23,53_13
81_23,53_14
81_23,53_15
81_23,53_16
81_25,26_210
81_25,26_211
81_25,26_212
82_1,73_18
82_19,1_4
82_19,25_26
82_19,40_16
83_2,6_152
83_2,17_35
83_2,55_9
83_7,25_13
83_7,95_5
83_7,95_6
83_13,16_24
83_13,25_5
83_15,75_22
83_15,75_23
83_23,83_15
83_26,37_61
83_29,23_108
83_29,23_109
83_29,23_110
83_29,23_111
84_19,50_22
84_25,10_10
84_25,11_108
85_1,25_61
85_3,4_41
85_3,4_79
85_3,11_103
85_4,23_53
85_4,98_5
86_4,13_11
86_5,30_27
86_17,31_24
87_1,56_74
87_3,20_50
87_13,35_36
87_13,43_77
87_18,87_14
87_18,87_15
87_18,87_16
87_18,87_17
87_19,53_36
87_19,53_37
87_19,53_38
87_19,53_39
87_19,53_40
87_19,53_41
87_19,53_42
88_11,19_62
88_11,52_23
88_11,56_25
88_11,56_26
88_18,50_6
88_23,75_31
88_23,75_32
89_3,2_203
89_3,51_49
89_4,81_17
89_4,81_18
89_5,25_22
89_6,69_7
89_6,69_8
89_7,7_69
89_7,41_15
89_9,26_149
89_14,37_24
89_15,23_55
89_15,23_56
89_28,6_62
89_28,40_43
90_4,46_15
90_4,82_6
90_4,82_7
90_4,95_4
90_10,76_2
90_10,76_3
90_17,16_97
90_17,17_19
91_3,92_2
91_5,51_47
91_5,51_48
91_7,30_30
91_9,87_14
91_9,87_15
91_12,54_29
92_3,51_49
92_3,78_8
92_10,6_110
92_12,16_9
93_2,6_96
93_2,92_1
93_2,92_2
93_7,42_52
94_1,6_125
94_2,48_2
95_5,103_1
95_5,103_2
95_5,103_3
97_1,2_185
97_1,44_3
97_4,44_4
98_2,80_13
98_2,80_14
98_2,80_15
98_2,80_16
98_4,3_105
98_5,16_36
98_5,21_25
99_1,22_1
99_2,84_3
99_2,84_4
99_7,76_8
100_7,9_17
101_4,54_7
101_9,3_151
102_8,17_36
104_1,68_1
104_2,70_18
105_1,106_1
105_1,106_2
105_1,106_3
105_1,106_4
106_1,29_67
106_3,27_91
106_4,16_112
107_3,89_17
107_3,89_18
107_6,4_142
108_2,6_121
108_2,6_162
108_2,6_163
109_3,5_64
109_3,53_23
109_6,10_41
109_6,26_78
109_6,26_80
109_6,28_55
112_3,19_88
112_3,19_89
112_3,19_90
112_3,19_91
112_3,19_92
112_3,19_93
112_3,19_94
112_3,19_95
112_3,21_26
112_3,21_27
112_3,37_158
112_3,37_159
112_4,6_101
113_1,6_96
114_6,6_112