Source,Target,Weight
v4,v1,0.23570226039552
v15,v1,0.13608276348795
v16,v1,0.11785113019776
v17,v1,0.1740776559557
v21,v1,0.08908708063747
v24,v1,0.11785113019776
v26,v1,0.11785113019776
v27,v1,0.14433756729741
v38,v1,0.16666666666667
v39,v1,0.24618298195867
v43,v1,0.20412414523193
v44,v1,0.16666666666667
v45,v1,0.10540925533895
v49,v1,0.12909944487358
v60,v1,0.12909944487358
v65,v1,0.16666666666667
v69,v1,0.18257418583506
v86,v1,0.09365858115817
v4,v2,0.19245008972988
v30,v2,0.47140452079103
v31,v2,0.06950480468569
v44,v2,0.13608276348795
v46,v2,0.20100756305184
v47,v2,0.11785113019776
v49,v2,0.10540925533895
v52,v2,0.11111111111111
v55,v2,0.09622504486494
v56,v2,0.08908708063747
v58,v2,0.10540925533895
v80,v2,0.12598815766974
v82,v2,0.06804138174398
v87,v2,0.11111111111111
v88,v2,0.12598815766974
v103,v2,0.29814239699997
v105,v2,0.10540925533895
v107,v2,0.27216552697591
v110,v2,0.08908708063747
v1,v4,0.23570226039552
v2,v4,0.19245008972988
v15,v4,0.19245008972988
v16,v4,0.16666666666667
v17,v4,0.24618298195867
v21,v4,0.12598815766974
v24,v4,0.16666666666667
v26,v4,0.16666666666667
v38,v4,0.23570226039552
v39,v4,0.3481553119114
v43,v4,0.28867513459481
v44,v4,0.23570226039552
v45,v4,0.14907119849999
v47,v4,0.20412414523193
v52,v4,0.19245008972988
v69,v4,0.25819888974716
v86,v4,0.1324532357065
v15,v5,0.12598815766974
v26,v5,0.109108945118
v65,v5,0.15430334996209
v68,v5,0.21821789023599
v71,v5,0.11952286093344
v88,v5,0.14285714285714
v91,v5,0.26726124191242
v13,v6,0.14907119849999
v22,v6,0.09534625892456
v27,v6,0.15811388300842
v83,v6,0.22360679774998
v103,v6,0.2
v14,v7,0.13363062095621
v26,v7,0.14433756729741
v41,v7,0.25
v45,v7,0.12909944487358
v46,v7,0.15075567228888
v47,v7,0.17677669529664
v51,v7,0.16666666666667
v84,v7,0.35355339059327
v40,v8,0.25
v10,v9,0.15811388300842
v11,v9,0.22360679774998
v16,v9,0.14433756729741
v17,v9,0.21320071635561
v25,v9,0.25
v106,v9,0.20412414523193
v9,v10,0.15811388300842
v11,v10,0.14142135623731
v13,v10,0.31622776601684
v14,v10,0.1690308509457
v16,v10,0.54772255750517
v17,v10,0.06741998624632
v19,v10,0.05976143046672
v21,v10,0.13801311186847
v22,v10,0.06741998624632
v24,v10,0.18257418583506
v25,v10,0.15811388300842
v27,v10,0.11180339887499
v28,v10,0.14142135623731
v29,v10,0.06593804733958
v36,v10,0.12909944487358
v38,v10,0.25819888974716
v40,v10,0.11180339887499
v42,v10,0.10540925533895
v46,v10,0.09534625892456
v48,v10,0.12909944487358
v49,v10,0.1
v50,v10,0.15811388300842
v55,v10,0.18257418583506
v57,v10,0.1690308509457
v58,v10,0.2
v60,v10,0.1
v63,v10,0.10540925533895
v65,v10,0.12909944487358
v70,v10,0.22360679774998
v81,v10,0.25819888974716
v82,v10,0.19364916731037
v87,v10,0.10540925533895
v95,v10,0.12909944487358
v98,v10,0.30678599553895
v105,v10,0.1
v109,v10,0.14142135623731
v110,v10,0.1690308509457
v9,v11,0.22360679774998
v10,v11,0.14142135623731
v16,v11,0.12909944487358
v17,v11,0.09534625892456
v25,v11,0.22360679774998
v57,v11,0.11952286093344
v73,v11,0.18257418583506
v101,v11,0.2
v19,v12,0.28571428571429
v25,v12,0.18898223650461
v26,v12,0.109108945118
v48,v12,0.15430334996209
v59,v12,0.15430334996209
v6,v13,0.14907119849999
v10,v13,0.31622776601684
v14,v13,0.17817416127495
v16,v13,0.19245008972988
v19,v13,0.06299407883487
v21,v13,0.14547859349066
v22,v13,0.14213381090374
v24,v13,0.19245008972988
v27,v13,0.23570226039552
v28,v13,0.07453559924999
v29,v13,0.13900960937138
v30,v13,0.11785113019776
v36,v13,0.13608276348795
v38,v13,0.27216552697591
v40,v13,0.11785113019776
v42,v13,0.11111111111111
v44,v13,0.13608276348795
v46,v13,0.10050378152592
v48,v13,0.13608276348795
v49,v13,0.10540925533895
v50,v13,0.08333333333333
v55,v13,0.19245008972988
v56,v13,0.08908708063747
v57,v13,0.17817416127495
v58,v13,0.10540925533895
v81,v13,0.13608276348795
v82,v13,0.13608276348795
v83,v13,0.16666666666667
v87,v13,0.11111111111111
v95,v13,0.13608276348795
v98,v13,0.24253562503633
v103,v13,0.14907119849999
v105,v13,0.10540925533895
v107,v13,0.13608276348795
v109,v13,0.14907119849999
v110,v13,0.17817416127495
v7,v14,0.13363062095621
v10,v14,0.1690308509457
v13,v14,0.17817416127495
v16,v14,0.15430334996209
v19,v14,0.10101525445522
v21,v14,0.11664236870396
v22,v14,0.11396057645964
v24,v14,0.30860669992418
v26,v14,0.15430334996209
v27,v14,0.18898223650461
v28,v14,0.11952286093344
v29,v14,0.11145564251507
v36,v14,0.21821789023599
v38,v14,0.43643578047198
v40,v14,0.18898223650461
v41,v14,0.13363062095621
v42,v14,0.17817416127495
v45,v14,0.06900655593424
v46,v14,0.16116459280508
v47,v14,0.09449111825231
v48,v14,0.21821789023599
v49,v14,0.1690308509457
v50,v14,0.13363062095621
v51,v14,0.17817416127495
v52,v14,0.08908708063747
v55,v14,0.15430334996209
v57,v14,0.21428571428571
v58,v14,0.1690308509457
v80,v14,0.10101525445522
v81,v14,0.21821789023599
v82,v14,0.21821789023599
v84,v14,0.18898223650461
v87,v14,0.17817416127495
v95,v14,0.21821789023599
v98,v14,0.3889222341313
v105,v14,0.1690308509457
v109,v14,0.23904572186688
v110,v14,0.28571428571429
v1,v15,0.13608276348795
v4,v15,0.19245008972988
v5,v15,0.12598815766974
v16,v15,0.19245008972988
v17,v15,0.14213381090374
v19,v15,0.06299407883487
v21,v15,0.07273929674533
v24,v15,0.09622504486494
v26,v15,0.09622504486494
v35,v15,0.16666666666667
v38,v15,0.13608276348795
v39,v15,0.20100756305184
v43,v15,0.16666666666667
v44,v15,0.27216552697591
v45,v15,0.08606629658239
v54,v15,0.14907119849999
v55,v15,0.09622504486494
v57,v15,0.08908708063747
v62,v15,0.11111111111111
v69,v15,0.14907119849999
v71,v15,0.10540925533895
v77,v15,0.15713484026368
v79,v15,0.0924500327042
v86,v15,0.15294382258037
v90,v15,0.11785113019776
v93,v15,0.12598815766974
v96,v15,0.17213259316477
v110,v15,0.08908708063747
v1,v16,0.11785113019776
v4,v16,0.16666666666667
v9,v16,0.14433756729741
v10,v16,0.54772255750517
v11,v16,0.12909944487358
v13,v16,0.19245008972988
v14,v16,0.15430334996209
v15,v16,0.19245008972988
v17,v16,0.184637236469
v19,v16,0.054554472559
v21,v16,0.18898223650461
v22,v16,0.06154574548967
v24,v16,0.25
v25,v16,0.14433756729741
v26,v16,0.08333333333333
v27,v16,0.10206207261597
v28,v16,0.12909944487358
v29,v16,0.06019292654288
v36,v16,0.11785113019776
v38,v16,0.35355339059327
v39,v16,0.1740776559557
v40,v16,0.10206207261597
v42,v16,0.09622504486494
v43,v16,0.14433756729741
v44,v16,0.11785113019776
v45,v16,0.07453559924999
v46,v16,0.08703882797785
v48,v16,0.11785113019776
v49,v16,0.09128709291753
v50,v16,0.0721687836487
v55,v16,0.08333333333333
v57,v16,0.07715167498105
v58,v16,0.18257418583506
v65,v16,0.11785113019776
v69,v16,0.12909944487358
v81,v16,0.23570226039552
v82,v16,0.17677669529664
v86,v16,0.06622661785325
v87,v16,0.09622504486494
v95,v16,0.11785113019776
v98,v16,0.2800560168056
v105,v16,0.09128709291753
v109,v16,0.12909944487358
v110,v16,0.23145502494314
v1,v17,0.1740776559557
v4,v17,0.24618298195867
v9,v17,0.21320071635561
v10,v17,0.06741998624632
v11,v17,0.09534625892456
v15,v17,0.14213381090374
v16,v17,0.184637236469
v18,v17,0.06428243465332
v21,v17,0.09304842103985
v24,v17,0.184637236469
v25,v17,0.10660035817781
v26,v17,0.12309149097933
v33,v17,0.07106690545187
v38,v17,0.1740776559557
v39,v17,0.25712973861329
v43,v17,0.21320071635561
v44,v17,0.1740776559557
v45,v17,0.11009637651264
v49,v17,0.06741998624632
v57,v17,0.05698028822982
v69,v17,0.19069251784912
v71,v17,0.06741998624632
v74,v17,0.04767312946228
v77,v17,0.05025189076296
v86,v17,0.14673479641336
v90,v17,0.07537783614444
v106,v17,0.08703882797785
v17,v18,0.06428243465332
v22,v18,0.19284730395997
v10,v19,0.05976143046672
v12,v19,0.28571428571429
v13,v19,0.06299407883487
v14,v19,0.10101525445522
v15,v19,0.06299407883487
v16,v19,0.054554472559
v21,v19,0.12371791482635
v22,v19,0.08058229640254
v24,v19,0.109108945118
v25,v19,0.28347335475692
v26,v19,0.21821789023599
v27,v19,0.06681531047811
v28,v19,0.04225771273643
v29,v19,0.03940552031196
v36,v19,0.07715167498105
v38,v19,0.15430334996209
v40,v19,0.13363062095621
v42,v19,0.06299407883487
v45,v19,0.04879500364743
v46,v19,0.05698028822982
v47,v19,0.13363062095621
v48,v19,0.07715167498105
v49,v19,0.05976143046672
v50,v19,0.04724555912615
v52,v19,0.12598815766974
v55,v19,0.054554472559
v56,v19,0.05050762722761
v57,v19,0.05050762722761
v58,v19,0.05976143046672
v62,v19,0.06299407883487
v77,v19,0.04454354031874
v81,v19,0.07715167498105
v82,v19,0.11572751247157
v87,v19,0.06299407883487
v95,v19,0.07715167498105
v96,v19,0.09759000729485
v98,v19,0.13750477455423
v99,v19,0.14285714285714
v100,v19,0.18898223650461
v105,v19,0.17928429140016
v109,v19,0.08451542547285
v110,v19,0.10101525445522
v36,v20,0.20412414523193
v1,v21,0.08908708063747
v4,v21,0.12598815766974
v10,v21,0.13801311186847
v13,v21,0.14547859349066
v14,v21,0.11664236870396
v15,v21,0.07273929674533
v16,v21,0.18898223650461
v17,v21,0.09304842103985
v19,v21,0.12371791482635
v22,v21,0.09304842103985
v24,v21,0.18898223650461
v26,v21,0.12598815766974
v27,v21,0.07715167498105
v28,v21,0.09759000729485
v29,v21,0.09100315103866
v33,v21,0.07273929674533
v36,v21,0.26726124191242
v38,v21,0.26726124191242
v39,v21,0.13159033899195
v40,v21,0.07715167498105
v42,v21,0.07273929674533
v43,v21,0.109108945118
v44,v21,0.17817416127495
v45,v21,0.0563436169819
v46,v21,0.06579516949598
v48,v21,0.08908708063747
v49,v21,0.06900655593424
v50,v21,0.054554472559
v55,v21,0.06299407883487
v56,v21,0.05832118435198
v57,v21,0.05832118435198
v58,v21,0.06900655593424
v65,v21,0.17817416127495
v69,v21,0.09759000729485
v73,v21,0.08908708063747
v77,v21,0.10286889997473
v81,v21,0.08908708063747
v82,v21,0.08908708063747
v86,v21,0.25031308716088
v87,v21,0.07273929674533
v90,v21,0.15430334996209
v93,v21,0.16495721976846
v95,v21,0.08908708063747
v98,v21,0.26462806201248
v105,v21,0.06900655593424
v109,v21,0.09759000729485
v110,v21,0.11664236870396
v6,v22,0.09534625892456
v10,v22,0.06741998624632
v13,v22,0.14213381090374
v14,v22,0.11396057645964
v16,v22,0.06154574548967
v18,v22,0.19284730395997
v19,v22,0.08058229640254
v21,v22,0.09304842103985
v24,v22,0.12309149097933
v26,v22,0.12309149097933
v27,v22,0.15075567228888
v28,v22,0.04767312946228
v29,v22,0.04445542244744
v36,v22,0.08703882797785
v38,v22,0.1740776559557
v40,v22,0.07537783614444
v42,v22,0.07106690545187
v46,v22,0.06428243465332
v48,v22,0.08703882797785
v49,v22,0.06741998624632
v50,v22,0.0533001790889
v55,v22,0.06154574548967
v57,v22,0.05698028822982
v58,v22,0.06741998624632
v81,v22,0.08703882797785
v82,v22,0.08703882797785
v83,v22,0.10660035817781
v87,v22,0.07106690545187
v95,v22,0.08703882797785
v98,v22,0.15512630699851
v103,v22,0.09534625892456
v105,v22,0.06741998624632
v109,v22,0.09534625892456
v110,v22,0.11396057645964
v1,v24,0.11785113019776
v4,v24,0.16666666666667
v10,v24,0.18257418583506
v13,v24,0.19245008972988
v14,v24,0.30860669992418
v15,v24,0.09622504486494
v16,v24,0.25
v17,v24,0.184637236469
v19,v24,0.109108945118
v21,v24,0.18898223650461
v22,v24,0.12309149097933
v26,v24,0.08333333333333
v27,v24,0.20412414523193
v28,v24,0.12909944487358
v29,v24,0.24077170617154
v36,v24,0.23570226039552
v38,v24,0.58925565098879
v39,v24,0.1740776559557
v40,v24,0.20412414523193
v42,v24,0.19245008972988
v43,v24,0.14433756729741
v44,v24,0.11785113019776
v45,v24,0.07453559924999
v46,v24,0.1740776559557
v48,v24,0.23570226039552
v49,v24,0.18257418583506
v50,v24,0.14433756729741
v55,v24,0.16666666666667
v57,v24,0.15430334996209
v58,v24,0.18257418583506
v63,v24,0.09622504486494
v69,v24,0.25819888974716
v81,v24,0.35355339059327
v82,v24,0.23570226039552
v86,v24,0.06622661785325
v87,v24,0.19245008972988
v95,v24,0.23570226039552
v98,v24,0.4200840252084
v105,v24,0.18257418583506
v109,v24,0.25819888974716
v110,v24,0.30860669992418
v9,v25,0.25
v10,v25,0.15811388300842
v11,v25,0.22360679774998
v12,v25,0.18898223650461
v16,v25,0.14433756729741
v17,v25,0.10660035817781
v19,v25,0.28347335475692
v26,v25,0.14433756729741
v1,v26,0.11785113019776
v4,v26,0.16666666666667
v5,v26,0.109108945118
v7,v26,0.14433756729741
v12,v26,0.109108945118
v14,v26,0.15430334996209
v15,v26,0.09622504486494
v16,v26,0.08333333333333
v17,v26,0.12309149097933
v19,v26,0.21821789023599
v21,v26,0.12598815766974
v22,v26,0.12309149097933
v24,v26,0.08333333333333
v25,v26,0.14433756729741
v38,v26,0.11785113019776
v39,v26,0.1740776559557
v41,v26,0.14433756729741
v43,v26,0.14433756729741
v44,v26,0.11785113019776
v45,v26,0.14907119849999
v47,v26,0.10206207261597
v51,v26,0.19245008972988
v65,v26,0.11785113019776
v68,v26,0.16666666666667
v69,v26,0.12909944487358
v84,v26,0.20412414523193
v86,v26,0.06622661785325
v91,v26,0.20412414523193
v1,v27,0.14433756729741
v6,v27,0.15811388300842
v10,v27,0.11180339887499
v13,v27,0.23570226039552
v14,v27,0.18898223650461
v16,v27,0.10206207261597
v19,v27,0.06681531047811
v21,v27,0.07715167498105
v22,v27,0.15075567228888
v24,v27,0.20412414523193
v28,v27,0.07905694150421
v29,v27,0.07372097807745
v36,v27,0.14433756729741
v38,v27,0.28867513459481
v40,v27,0.125
v42,v27,0.11785113019776
v46,v27,0.10660035817781
v48,v27,0.14433756729741
v49,v27,0.22360679774998
v50,v27,0.08838834764832
v55,v27,0.10206207261597
v57,v27,0.09449111825231
v58,v27,0.11180339887499
v81,v27,0.14433756729741
v82,v27,0.14433756729741
v83,v27,0.35355339059327
v87,v27,0.11785113019776
v95,v27,0.14433756729741
v98,v27,0.25724787771376
v103,v27,0.15811388300842
v105,v27,0.11180339887499
v109,v27,0.31622776601684
v110,v27,0.28347335475692
v10,v28,0.14142135623731
v13,v28,0.07453559924999
v14,v28,0.11952286093344
v16,v28,0.12909944487358
v19,v28,0.04225771273643
v21,v28,0.09759000729485
v22,v28,0.04767312946228
v24,v28,0.12909944487358
v27,v28,0.07905694150421
v29,v28,0.09325048082403
v36,v28,0.09128709291753
v38,v28,0.18257418583506
v40,v28,0.07905694150421
v42,v28,0.07453559924999
v45,v28,0.05773502691896
v46,v28,0.20225995873897
v48,v28,0.09128709291753
v49,v28,0.07071067811865
v50,v28,0.05590169943749
v52,v28,0.07453559924999
v55,v28,0.06454972243679
v57,v28,0.05976143046672
v58,v28,0.07071067811865
v62,v28,0.07453559924999
v64,v28,0.11180339887499
v69,v28,0.1
v81,v28,0.09128709291753
v82,v28,0.09128709291753
v87,v28,0.07453559924999
v93,v28,0.08451542547285
v95,v28,0.09128709291753
v97,v28,0.09128709291753
v98,v28,0.16269784336399
v101,v28,0.2
v104,v28,0.22360679774998
v105,v28,0.07071067811865
v108,v28,0.11180339887499
v109,v28,0.1
v110,v28,0.11952286093344
v10,v29,0.06593804733958
v13,v29,0.13900960937138
v14,v29,0.11145564251507
v16,v29,0.06019292654288
v19,v29,0.03940552031196
v21,v29,0.09100315103866
v22,v29,0.04445542244744
v24,v29,0.24077170617154
v27,v29,0.07372097807745
v28,v29,0.09325048082403
v31,v29,0.04347826086957
v36,v29,0.08512565307587
v38,v29,0.17025130615175
v40,v29,0.07372097807745
v41,v29,0.10425720702854
v42,v29,0.06950480468569
v44,v29,0.08512565307587
v46,v29,0.06286946134619
v48,v29,0.08512565307587
v49,v29,0.06593804733958
v50,v29,0.15638581054281
v52,v29,0.06950480468569
v53,v29,0.12038585308577
v55,v29,0.06019292654288
v56,v29,0.11145564251507
v57,v29,0.05572782125754
v58,v29,0.06593804733958
v69,v29,0.18650096164806
v81,v29,0.08512565307587
v82,v29,0.08512565307587
v87,v29,0.06950480468569
v95,v29,0.08512565307587
v96,v29,0.10767638041163
v98,v29,0.15171652122725
v102,v29,0.15762208124782
v105,v29,0.13187609467916
v109,v29,0.09325048082403
v110,v29,0.11145564251507
v2,v30,0.47140452079103
v13,v30,0.11785113019776
v31,v30,0.07372097807745
v44,v30,0.14433756729741
v46,v30,0.31980107453342
v49,v30,0.22360679774998
v82,v30,0.0721687836487
v88,v30,0.13363062095621
v103,v30,0.31622776601684
v104,v30,0.17677669529664
v105,v30,0.22360679774998
v107,v30,0.57735026918963
v110,v30,0.09449111825231
v2,v31,0.06950480468569
v29,v31,0.04347826086957
v30,v31,0.07372097807745
v32,v31,0.07372097807745
v33,v31,0.06950480468569
v44,v31,0.08512565307587
v46,v31,0.06286946134619
v82,v31,0.04256282653794
v88,v31,0.07881104062391
v107,v31,0.08512565307587
v31,v32,0.07372097807745
v33,v32,0.11785113019776
v107,v32,0.14433756729741
v17,v33,0.07106690545187
v21,v33,0.07273929674533
v31,v33,0.06950480468569
v32,v33,0.11785113019776
v34,v33,0.14907119849999
v53,v33,0.19245008972988
v107,v33,0.13608276348795
v33,v34,0.14907119849999
v37,v34,0.33806170189141
v39,v34,0.13483997249265
v46,v34,0.13483997249265
v76,v34,0.22360679774998
v15,v35,0.16666666666667
v39,v35,0.30151134457776
v40,v35,0.17677669529664
v57,v35,0.13363062095621
v10,v36,0.12909944487358
v13,v36,0.13608276348795
v14,v36,0.21821789023599
v16,v36,0.11785113019776
v19,v36,0.07715167498105
v20,v36,0.20412414523193
v21,v36,0.26726124191242
v22,v36,0.08703882797785
v24,v36,0.23570226039552
v27,v36,0.14433756729741
v28,v36,0.09128709291753
v29,v36,0.08512565307587
v38,v36,0.33333333333333
v40,v36,0.14433756729741
v42,v36,0.13608276348795
v46,v36,0.12309149097933
v48,v36,0.16666666666667
v49,v36,0.12909944487358
v50,v36,0.10206207261597
v55,v36,0.11785113019776
v57,v36,0.109108945118
v58,v36,0.12909944487358
v81,v36,0.16666666666667
v82,v36,0.16666666666667
v87,v36,0.13608276348795
v95,v36,0.16666666666667
v98,v36,0.297044262893
v105,v36,0.12909944487358
v109,v36,0.27386127875258
v110,v36,0.21821789023599
v34,v37,0.33806170189141
v48,v37,0.15430334996209
v76,v37,0.18898223650461
v1,v38,0.16666666666667
v4,v38,0.23570226039552
v10,v38,0.25819888974716
v13,v38,0.27216552697591
v14,v38,0.43643578047198
v15,v38,0.13608276348795
v16,v38,0.35355339059327
v17,v38,0.1740776559557
v19,v38,0.15430334996209
v21,v38,0.26726124191242
v22,v38,0.1740776559557
v24,v38,0.58925565098879
v26,v38,0.11785113019776
v27,v38,0.28867513459481
v28,v38,0.18257418583506
v29,v38,0.17025130615175
v36,v38,0.33333333333333
v39,v38,0.24618298195867
v40,v38,0.28867513459481
v42,v38,0.27216552697591
v43,v38,0.20412414523193
v44,v38,0.16666666666667
v45,v38,0.10540925533895
v46,v38,0.24618298195867
v48,v38,0.33333333333333
v49,v38,0.25819888974716
v50,v38,0.20412414523193
v55,v38,0.23570226039552
v57,v38,0.21821789023599
v58,v38,0.25819888974716
v69,v38,0.18257418583506
v81,v38,0.33333333333333
v82,v38,0.33333333333333
v86,v38,0.09365858115817
v87,v38,0.27216552697591
v95,v38,0.33333333333333
v98,v38,0.594088525786
v105,v38,0.25819888974716
v109,v38,0.36514837167011
v110,v38,0.54554472558998
v1,v39,0.24618298195867
v4,v39,0.3481553119114
v15,v39,0.20100756305184
v16,v39,0.1740776559557
v17,v39,0.25712973861329
v21,v39,0.13159033899195
v24,v39,0.1740776559557
v26,v39,0.1740776559557
v34,v39,0.13483997249265
v35,v39,0.30151134457776
v38,v39,0.24618298195867
v40,v39,0.10660035817781
v43,v39,0.30151134457776
v44,v39,0.24618298195867
v45,v39,0.1556997888323
v46,v39,0.18181818181818
v69,v39,0.2696799449853
v86,v39,0.13834289277321
v8,v40,0.25
v10,v40,0.11180339887499
v13,v40,0.11785113019776
v14,v40,0.18898223650461
v16,v40,0.10206207261597
v19,v40,0.13363062095621
v21,v40,0.07715167498105
v22,v40,0.07537783614444
v24,v40,0.20412414523193
v27,v40,0.125
v28,v40,0.07905694150421
v29,v40,0.07372097807745
v35,v40,0.17677669529664
v36,v40,0.14433756729741
v38,v40,0.28867513459481
v39,v40,0.10660035817781
v42,v40,0.11785113019776
v45,v40,0.18257418583506
v46,v40,0.10660035817781
v48,v40,0.14433756729741
v49,v40,0.11180339887499
v50,v40,0.08838834764832
v55,v40,0.10206207261597
v56,v40,0.09449111825231
v57,v40,0.09449111825231
v58,v40,0.11180339887499
v81,v40,0.14433756729741
v82,v40,0.14433756729741
v87,v40,0.11785113019776
v95,v40,0.14433756729741
v98,v40,0.25724787771376
v105,v40,0.11180339887499
v109,v40,0.15811388300842
v110,v40,0.18898223650461
v7,v41,0.25
v14,v41,0.13363062095621
v26,v41,0.14433756729741
v29,v41,0.10425720702854
v45,v41,0.12909944487358
v47,v41,0.17677669529664
v51,v41,0.16666666666667
v84,v41,0.35355339059327
v10,v42,0.10540925533895
v13,v42,0.11111111111111
v14,v42,0.17817416127495
v16,v42,0.09622504486494
v19,v42,0.06299407883487
v21,v42,0.07273929674533
v22,v42,0.07106690545187
v24,v42,0.19245008972988
v27,v42,0.11785113019776
v28,v42,0.07453559924999
v29,v42,0.06950480468569
v36,v42,0.13608276348795
v38,v42,0.27216552697591
v40,v42,0.11785113019776
v46,v42,0.10050378152592
v48,v42,0.13608276348795
v49,v42,0.10540925533895
v50,v42,0.08333333333333
v55,v42,0.09622504486494
v57,v42,0.17817416127495
v58,v42,0.10540925533895
v81,v42,0.13608276348795
v82,v42,0.13608276348795
v87,v42,0.11111111111111
v91,v42,0.23570226039552
v95,v42,0.13608276348795
v98,v42,0.24253562503633
v105,v42,0.10540925533895
v109,v42,0.14907119849999
v110,v42,0.17817416127495
v1,v43,0.20412414523193
v4,v43,0.28867513459481
v15,v43,0.16666666666667
v16,v43,0.14433756729741
v17,v43,0.21320071635561
v21,v43,0.109108945118
v24,v43,0.14433756729741
v26,v43,0.14433756729741
v38,v43,0.20412414523193
v39,v43,0.30151134457776
v44,v43,0.20412414523193
v45,v43,0.12909944487358
v69,v43,0.22360679774998
v86,v43,0.11470786693528
v1,v44,0.16666666666667
v2,v44,0.13608276348795
v4,v44,0.23570226039552
v13,v44,0.13608276348795
v15,v44,0.27216552697591
v16,v44,0.11785113019776
v17,v44,0.1740776559557
v21,v44,0.17817416127495
v24,v44,0.11785113019776
v26,v44,0.11785113019776
v29,v44,0.08512565307587
v30,v44,0.14433756729741
v31,v44,0.08512565307587
v38,v44,0.16666666666667
v39,v44,0.24618298195867
v43,v44,0.20412414523193
v45,v44,0.10540925533895
v46,v44,0.12309149097933
v56,v44,0.109108945118
v69,v44,0.18257418583506
v86,v44,0.09365858115817
v88,v44,0.15430334996209
v1,v45,0.10540925533895
v4,v45,0.14907119849999
v7,v45,0.12909944487358
v14,v45,0.06900655593424
v15,v45,0.08606629658239
v16,v45,0.07453559924999
v17,v45,0.11009637651264
v19,v45,0.04879500364743
v21,v45,0.0563436169819
v24,v45,0.07453559924999
v26,v45,0.14907119849999
v28,v45,0.05773502691896
v38,v45,0.10540925533895
v39,v45,0.1556997888323
v40,v45,0.18257418583506
v41,v45,0.12909944487358
v43,v45,0.12909944487358
v44,v45,0.10540925533895
v46,v45,0.07784989441615
v47,v45,0.09128709291753
v51,v45,0.08606629658239
v56,v45,0.06900655593424
v69,v45,0.11547005383793
v84,v45,0.18257418583506
v86,v45,0.05923488777591
v104,v45,0.12909944487358
v2,v46,0.20100756305184
v7,v46,0.15075567228888
v10,v46,0.09534625892456
v13,v46,0.10050378152592
v14,v46,0.16116459280508
v16,v46,0.08703882797785
v19,v46,0.05698028822982
v21,v46,0.06579516949598
v22,v46,0.06428243465332
v24,v46,0.1740776559557
v27,v46,0.10660035817781
v28,v46,0.20225995873897
v29,v46,0.06286946134619
v30,v46,0.31980107453342
v31,v46,0.06286946134619
v34,v46,0.13483997249265
v36,v46,0.12309149097933
v38,v46,0.24618298195867
v39,v46,0.18181818181818
v40,v46,0.10660035817781
v42,v46,0.10050378152592
v44,v46,0.12309149097933
v45,v46,0.07784989441615
v48,v46,0.12309149097933
v49,v46,0.19069251784912
v50,v46,0.07537783614444
v55,v46,0.08703882797785
v57,v46,0.08058229640254
v58,v46,0.09534625892456
v81,v46,0.12309149097933
v82,v46,0.12309149097933
v87,v46,0.10050378152592
v88,v46,0.11396057645964
v95,v46,0.12309149097933
v98,v46,0.21938172723814
v103,v46,0.13483997249265
v104,v46,0.30151134457776
v105,v46,0.19069251784912
v107,v46,0.12309149097933
v109,v46,0.13483997249265
v110,v46,0.24174688920761
v2,v47,0.11785113019776
v4,v47,0.20412414523193
v7,v47,0.17677669529664
v14,v47,0.09449111825231
v19,v47,0.13363062095621
v26,v47,0.10206207261597
v41,v47,0.17677669529664
v45,v47,0.09128709291753
v51,v47,0.11785113019776
v52,v47,0.23570226039552
v84,v47,0.25
v93,v47,0.13363062095621
v99,v47,0.26726124191242
v100,v47,0.17677669529664
v105,v47,0.11180339887499
v10,v48,0.12909944487358
v12,v48,0.15430334996209
v13,v48,0.13608276348795
v14,v48,0.21821789023599
v16,v48,0.11785113019776
v19,v48,0.07715167498105
v21,v48,0.08908708063747
v22,v48,0.08703882797785
v24,v48,0.23570226039552
v27,v48,0.14433756729741
v28,v48,0.09128709291753
v29,v48,0.08512565307587
v36,v48,0.16666666666667
v37,v48,0.15430334996209
v38,v48,0.33333333333333
v40,v48,0.14433756729741
v42,v48,0.13608276348795
v46,v48,0.12309149097933
v49,v48,0.12909944487358
v50,v48,0.10206207261597
v52,v48,0.13608276348795
v55,v48,0.11785113019776
v57,v48,0.109108945118
v58,v48,0.25819888974716
v59,v48,0.16666666666667
v81,v48,0.16666666666667
v82,v48,0.16666666666667
v87,v48,0.13608276348795
v95,v48,0.16666666666667
v98,v48,0.297044262893
v105,v48,0.12909944487358
v109,v48,0.18257418583506
v110,v48,0.21821789023599
v1,v49,0.12909944487358
v2,v49,0.10540925533895
v10,v49,0.1
v13,v49,0.10540925533895
v14,v49,0.1690308509457
v16,v49,0.09128709291753
v17,v49,0.06741998624632
v19,v49,0.05976143046672
v21,v49,0.06900655593424
v22,v49,0.06741998624632
v24,v49,0.18257418583506
v27,v49,0.22360679774998
v28,v49,0.07071067811865
v29,v49,0.06593804733958
v30,v49,0.22360679774998
v36,v49,0.12909944487358
v38,v49,0.25819888974716
v40,v49,0.11180339887499
v42,v49,0.10540925533895
v46,v49,0.19069251784912
v48,v49,0.12909944487358
v50,v49,0.07905694150421
v53,v49,0.18257418583506
v55,v49,0.09128709291753
v57,v49,0.08451542547285
v58,v49,0.1
v81,v49,0.12909944487358
v82,v49,0.12909944487358
v87,v49,0.10540925533895
v95,v49,0.12909944487358
v98,v49,0.23008949665421
v103,v49,0.14142135623731
v105,v49,0.2
v107,v49,0.12909944487358
v109,v49,0.14142135623731
v110,v49,0.1690308509457
v10,v50,0.15811388300842
v13,v50,0.08333333333333
v14,v50,0.13363062095621
v16,v50,0.0721687836487
v19,v50,0.04724555912615
v21,v50,0.054554472559
v22,v50,0.0533001790889
v24,v50,0.14433756729741
v27,v50,0.08838834764832
v28,v50,0.05590169943749
v29,v50,0.15638581054281
v36,v50,0.10206207261597
v38,v50,0.20412414523193
v40,v50,0.08838834764832
v42,v50,0.08333333333333
v46,v50,0.07537783614444
v48,v50,0.10206207261597
v49,v50,0.07905694150421
v55,v50,0.0721687836487
v57,v50,0.06681531047811
v58,v50,0.07905694150421
v60,v50,0.07905694150421
v63,v50,0.08333333333333
v70,v50,0.17677669529664
v81,v50,0.10206207261597
v82,v50,0.10206207261597
v87,v50,0.08333333333333
v88,v50,0.09449111825231
v95,v50,0.10206207261597
v98,v50,0.18190171877725
v102,v50,0.09449111825231
v105,v50,0.07905694150421
v109,v50,0.11180339887499
v110,v50,0.13363062095621
v7,v51,0.16666666666667
v14,v51,0.17817416127495
v26,v51,0.19245008972988
v41,v51,0.16666666666667
v45,v51,0.08606629658239
v47,v51,0.11785113019776
v84,v51,0.23570226039552
v2,v52,0.11111111111111
v4,v52,0.19245008972988
v14,v52,0.08908708063747
v19,v52,0.12598815766974
v28,v52,0.07453559924999
v29,v52,0.06950480468569
v47,v52,0.23570226039552
v48,v52,0.13608276348795
v59,v52,0.13608276348795
v99,v52,0.12598815766974
v100,v52,0.16666666666667
v105,v52,0.10540925533895
v29,v53,0.12038585308577
v33,v53,0.19245008972988
v49,v53,0.18257418583506
v96,v53,0.14907119849999
v15,v54,0.14907119849999
v55,v54,0.12909944487358
v56,v54,0.11952286093344
v71,v54,0.14142135623731
v77,v54,0.21081851067789
v79,v54,0.12403473458921
v86,v54,0.10259783520852
v90,v54,0.15811388300842
v93,v54,0.1690308509457
v2,v55,0.09622504486494
v10,v55,0.18257418583506
v13,v55,0.19245008972988
v14,v55,0.15430334996209
v15,v55,0.09622504486494
v16,v55,0.08333333333333
v19,v55,0.054554472559
v21,v55,0.06299407883487
v22,v55,0.06154574548967
v24,v55,0.16666666666667
v27,v55,0.10206207261597
v28,v55,0.06454972243679
v29,v55,0.06019292654288
v36,v55,0.11785113019776
v38,v55,0.23570226039552
v40,v55,0.10206207261597
v42,v55,0.09622504486494
v46,v55,0.08703882797785
v48,v55,0.11785113019776
v49,v55,0.09128709291753
v50,v55,0.0721687836487
v54,v55,0.12909944487358
v57,v55,0.15430334996209
v58,v55,0.18257418583506
v71,v55,0.09128709291753
v77,v55,0.13608276348795
v79,v55,0.08006407690254
v81,v55,0.11785113019776
v82,v55,0.11785113019776
v86,v55,0.06622661785325
v87,v55,0.19245008972988
v90,v55,0.10206207261597
v93,v55,0.109108945118
v95,v55,0.11785113019776
v98,v55,0.2100420126042
v105,v55,0.09128709291753
v109,v55,0.12909944487358
v110,v55,0.15430334996209
v2,v56,0.08908708063747
v13,v56,0.08908708063747
v19,v56,0.05050762722761
v21,v56,0.05832118435198
v29,v56,0.11145564251507
v40,v56,0.09449111825231
v44,v56,0.109108945118
v45,v56,0.06900655593424
v54,v56,0.11952286093344
v57,v56,0.07142857142857
v102,v56,0.10101525445522
v105,v56,0.1690308509457
v106,v56,0.21821789023599
v10,v57,0.1690308509457
v11,v57,0.11952286093344
v13,v57,0.17817416127495
v14,v57,0.21428571428571
v15,v57,0.08908708063747
v16,v57,0.07715167498105
v17,v57,0.05698028822982
v19,v57,0.05050762722761
v21,v57,0.05832118435198
v22,v57,0.05698028822982
v24,v57,0.15430334996209
v27,v57,0.09449111825231
v28,v57,0.05976143046672
v29,v57,0.05572782125754
v35,v57,0.13363062095621
v36,v57,0.109108945118
v38,v57,0.21821789023599
v40,v57,0.09449111825231
v42,v57,0.17817416127495
v46,v57,0.08058229640254
v48,v57,0.109108945118
v49,v57,0.08451542547285
v50,v57,0.06681531047811
v55,v57,0.15430334996209
v56,v57,0.07142857142857
v58,v57,0.08451542547285
v81,v57,0.109108945118
v82,v57,0.109108945118
v87,v57,0.08908708063747
v93,v57,0.10101525445522
v95,v57,0.109108945118
v98,v57,0.19446111706565
v105,v57,0.1690308509457
v109,v57,0.11952286093344
v110,v57,0.14285714285714
v2,v58,0.10540925533895
v10,v58,0.2
v13,v58,0.10540925533895
v14,v58,0.1690308509457
v16,v58,0.18257418583506
v19,v58,0.05976143046672
v21,v58,0.06900655593424
v22,v58,0.06741998624632
v24,v58,0.18257418583506
v27,v58,0.11180339887499
v28,v58,0.07071067811865
v29,v58,0.06593804733958
v36,v58,0.12909944487358
v38,v58,0.25819888974716
v40,v58,0.11180339887499
v42,v58,0.10540925533895
v46,v58,0.09534625892456
v48,v58,0.25819888974716
v49,v58,0.1
v50,v58,0.07905694150421
v55,v58,0.18257418583506
v57,v58,0.08451542547285
v65,v58,0.12909944487358
v73,v58,0.12909944487358
v81,v58,0.25819888974716
v82,v58,0.19364916731037
v87,v58,0.21081851067789
v95,v58,0.12909944487358
v98,v58,0.30678599553895
v105,v58,0.1
v109,v58,0.14142135623731
v110,v58,0.1690308509457
v12,v59,0.15430334996209
v48,v59,0.16666666666667
v52,v59,0.13608276348795
v1,v60,0.12909944487358
v10,v60,0.1
v50,v60,0.07905694150421
v61,v60,0.12909944487358
v62,v60,0.10540925533895
v63,v60,0.10540925533895
v64,v60,0.15811388300842
v65,v60,0.12909944487358
v66,v60,0.11952286093344
v69,v60,0.14142135623731
v70,v60,0.22360679774998
v71,v60,0.1
v73,v60,0.12909944487358
v74,v60,0.07071067811865
v76,v60,0.15811388300842
v77,v60,0.07453559924999
v82,v60,0.06454972243679
v60,v61,0.12909944487358
v63,v61,0.40824829046386
v73,v61,0.16666666666667
v79,v61,0.11322770341446
v86,v61,0.09365858115817
v93,v61,0.15430334996209
v109,v61,0.18257418583506
v15,v62,0.11111111111111
v19,v62,0.06299407883487
v28,v62,0.07453559924999
v60,v62,0.10540925533895
v64,v62,0.16666666666667
v66,v62,0.12598815766974
v69,v62,0.14907119849999
v71,v62,0.10540925533895
v73,v62,0.13608276348795
v74,v62,0.14907119849999
v76,v62,0.16666666666667
v77,v62,0.07856742013184
v80,v62,0.12598815766974
v96,v62,0.17213259316477
v10,v63,0.10540925533895
v24,v63,0.09622504486494
v50,v63,0.08333333333333
v60,v63,0.10540925533895
v61,v63,0.40824829046386
v70,v63,0.23570226039552
v73,v63,0.13608276348795
v79,v63,0.0924500327042
v109,v63,0.14907119849999
v28,v64,0.11180339887499
v60,v64,0.15811388300842
v62,v64,0.16666666666667
v66,v64,0.18898223650461
v69,v64,0.22360679774998
v71,v64,0.15811388300842
v73,v64,0.20412414523193
v74,v64,0.11180339887499
v76,v64,0.25
v77,v64,0.11785113019776
v87,v64,0.16666666666667
v1,v65,0.16666666666667
v5,v65,0.15430334996209
v10,v65,0.12909944487358
v16,v65,0.11785113019776
v21,v65,0.17817416127495
v26,v65,0.11785113019776
v58,v65,0.12909944487358
v60,v65,0.12909944487358
v66,v65,0.15430334996209
v68,v65,0.23570226039552
v77,v65,0.09622504486494
v81,v65,0.16666666666667
v82,v65,0.08333333333333
v86,v65,0.18731716231634
v90,v65,0.14433756729741
v91,v65,0.28867513459481
v93,v65,0.15430334996209
v98,v65,0.09901475429767
v102,v65,0.15430334996209
v60,v66,0.11952286093344
v62,v66,0.12598815766974
v64,v66,0.18898223650461
v65,v66,0.15430334996209
v69,v66,0.1690308509457
v70,v66,0.26726124191242
v71,v66,0.11952286093344
v73,v66,0.15430334996209
v74,v66,0.08451542547285
v76,v66,0.18898223650461
v77,v66,0.08908708063747
v68,v67,0.57735026918963
v72,v67,0.70710678118655
v75,v67,0.70710678118655
v78,v67,0.5
v82,v67,0.20412414523193
v5,v68,0.21821789023599
v26,v68,0.16666666666667
v65,v68,0.23570226039552
v67,v68,0.57735026918963
v72,v68,0.40824829046386
v75,v68,0.40824829046386
v78,v68,0.28867513459481
v82,v68,0.11785113019776
v91,v68,0.40824829046386
v1,v69,0.18257418583506
v4,v69,0.25819888974716
v15,v69,0.14907119849999
v16,v69,0.12909944487358
v17,v69,0.19069251784912
v21,v69,0.09759000729485
v24,v69,0.25819888974716
v26,v69,0.12909944487358
v28,v69,0.1
v29,v69,0.18650096164806
v38,v69,0.18257418583506
v39,v69,0.2696799449853
v43,v69,0.22360679774998
v44,v69,0.18257418583506
v45,v69,0.11547005383793
v60,v69,0.14142135623731
v62,v69,0.14907119849999
v64,v69,0.22360679774998
v66,v69,0.1690308509457
v71,v69,0.14142135623731
v73,v69,0.18257418583506
v74,v69,0.1
v76,v69,0.22360679774998
v77,v69,0.10540925533895
v86,v69,0.10259783520852
v10,v70,0.22360679774998
v50,v70,0.17677669529664
v60,v70,0.22360679774998
v63,v70,0.23570226039552
v66,v70,0.26726124191242
v5,v71,0.11952286093344
v15,v71,0.10540925533895
v17,v71,0.06741998624632
v54,v71,0.14142135623731
v55,v71,0.09128709291753
v60,v71,0.1
v62,v71,0.10540925533895
v64,v71,0.15811388300842
v66,v71,0.11952286093344
v69,v71,0.14142135623731
v72,v71,0.22360679774998
v73,v71,0.12909944487358
v74,v71,0.21213203435596
v75,v71,0.22360679774998
v76,v71,0.15811388300842
v77,v71,0.37267799624996
v78,v71,0.15811388300842
v79,v71,0.26311740579211
v86,v71,0.072547625011
v90,v71,0.11180339887499
v93,v71,0.11952286093344
v67,v72,0.70710678118655
v68,v72,0.40824829046386
v71,v72,0.22360679774998
v74,v72,0.15811388300842
v75,v72,1
v77,v72,0.16666666666667
v78,v72,0.70710678118655
v82,v72,0.14433756729741
v11,v73,0.18257418583506
v21,v73,0.08908708063747
v58,v73,0.12909944487358
v60,v73,0.12909944487358
v61,v73,0.16666666666667
v62,v73,0.13608276348795
v63,v73,0.13608276348795
v64,v73,0.20412414523193
v66,v73,0.15430334996209
v69,v73,0.18257418583506
v71,v73,0.12909944487358
v74,v73,0.09128709291753
v76,v73,0.20412414523193
v77,v73,0.09622504486494
v101,v73,0.18257418583506
v17,v74,0.04767312946228
v60,v74,0.07071067811865
v62,v74,0.14907119849999
v64,v74,0.11180339887499
v66,v74,0.08451542547285
v69,v74,0.1
v71,v74,0.21213203435596
v72,v74,0.15811388300842
v73,v74,0.09128709291753
v75,v74,0.15811388300842
v76,v74,0.11180339887499
v77,v74,0.15811388300842
v78,v74,0.11180339887499
v80,v74,0.08451542547285
v67,v75,0.70710678118655
v68,v75,0.40824829046386
v71,v75,0.22360679774998
v72,v75,1
v74,v75,0.15811388300842
v77,v75,0.16666666666667
v78,v75,0.70710678118655
v82,v75,0.14433756729741
v34,v76,0.22360679774998
v37,v76,0.18898223650461
v60,v76,0.15811388300842
v62,v76,0.16666666666667
v64,v76,0.25
v66,v76,0.18898223650461
v69,v76,0.22360679774998
v71,v76,0.15811388300842
v73,v76,0.20412414523193
v74,v76,0.11180339887499
v77,v76,0.11785113019776
v15,v77,0.15713484026368
v17,v77,0.05025189076296
v19,v77,0.04454354031874
v21,v77,0.10286889997473
v54,v77,0.21081851067789
v55,v77,0.13608276348795
v60,v77,0.07453559924999
v62,v77,0.07856742013184
v64,v77,0.11785113019776
v65,v77,0.09622504486494
v66,v77,0.08908708063747
v69,v77,0.10540925533895
v71,v77,0.37267799624996
v72,v77,0.16666666666667
v73,v77,0.09622504486494
v74,v77,0.15811388300842
v75,v77,0.16666666666667
v76,v77,0.11785113019776
v78,v77,0.11785113019776
v79,v77,0.13074409009212
v82,v77,0.04811252243247
v86,v77,0.21629522817435
v90,v77,0.25
v93,v77,0.26726124191242
v95,v77,0.09622504486494
v67,v78,0.5
v68,v78,0.28867513459481
v71,v78,0.15811388300842
v72,v78,0.70710678118655
v74,v78,0.11180339887499
v75,v78,0.70710678118655
v77,v78,0.11785113019776
v82,v78,0.20412414523193
v103,v78,0.22360679774998
v15,v79,0.0924500327042
v54,v79,0.12403473458921
v55,v79,0.08006407690254
v61,v79,0.11322770341446
v63,v79,0.0924500327042
v71,v79,0.26311740579211
v77,v79,0.13074409009212
v81,v79,0.11322770341446
v82,v79,0.11322770341446
v86,v79,0.06362847629758
v90,v79,0.09805806756909
v93,v79,0.10482848367219
v109,v79,0.12403473458921
v2,v80,0.12598815766974
v14,v80,0.10101525445522
v62,v80,0.12598815766974
v74,v80,0.08451542547285
v103,v80,0.1690308509457
v10,v81,0.25819888974716
v13,v81,0.13608276348795
v14,v81,0.21821789023599
v16,v81,0.23570226039552
v19,v81,0.07715167498105
v21,v81,0.08908708063747
v22,v81,0.08703882797785
v24,v81,0.35355339059327
v27,v81,0.14433756729741
v28,v81,0.09128709291753
v29,v81,0.08512565307587
v36,v81,0.16666666666667
v38,v81,0.33333333333333
v40,v81,0.14433756729741
v42,v81,0.13608276348795
v46,v81,0.12309149097933
v48,v81,0.16666666666667
v49,v81,0.12909944487358
v50,v81,0.10206207261597
v55,v81,0.11785113019776
v57,v81,0.109108945118
v58,v81,0.25819888974716
v65,v81,0.16666666666667
v79,v81,0.11322770341446
v82,v81,0.33333333333333
v87,v81,0.13608276348795
v95,v81,0.16666666666667
v98,v81,0.39605901719067
v105,v81,0.12909944487358
v109,v81,0.18257418583506
v110,v81,0.21821789023599
v2,v82,0.06804138174398
v10,v82,0.19364916731037
v13,v82,0.13608276348795
v14,v82,0.21821789023599
v16,v82,0.17677669529664
v19,v82,0.11572751247157
v21,v82,0.08908708063747
v22,v82,0.08703882797785
v24,v82,0.23570226039552
v27,v82,0.14433756729741
v28,v82,0.09128709291753
v29,v82,0.08512565307587
v30,v82,0.0721687836487
v31,v82,0.04256282653794
v36,v82,0.16666666666667
v38,v82,0.33333333333333
v40,v82,0.14433756729741
v42,v82,0.13608276348795
v46,v82,0.12309149097933
v48,v82,0.16666666666667
v49,v82,0.12909944487358
v50,v82,0.10206207261597
v55,v82,0.11785113019776
v57,v82,0.109108945118
v58,v82,0.19364916731037
v60,v82,0.06454972243679
v65,v82,0.08333333333333
v67,v82,0.20412414523193
v68,v82,0.11785113019776
v72,v82,0.14433756729741
v75,v82,0.14433756729741
v77,v82,0.04811252243247
v78,v82,0.20412414523193
v79,v82,0.11322770341446
v81,v82,0.33333333333333
v87,v82,0.13608276348795
v95,v82,0.16666666666667
v98,v82,0.34655164004184
v105,v82,0.12909944487358
v107,v82,0.08333333333333
v109,v82,0.18257418583506
v110,v82,0.27277236279499
v6,v83,0.22360679774998
v13,v83,0.16666666666667
v22,v83,0.10660035817781
v27,v83,0.35355339059327
v86,v83,0.11470786693528
v94,v83,0.17677669529664
v98,v83,0.12126781251817
v103,v83,0.22360679774998
v7,v84,0.35355339059327
v14,v84,0.18898223650461
v26,v84,0.20412414523193
v41,v84,0.35355339059327
v45,v84,0.18257418583506
v47,v84,0.25
v51,v84,0.23570226039552
v95,v84,0.28867513459481
v1,v86,0.09365858115817
v4,v86,0.1324532357065
v15,v86,0.15294382258037
v16,v86,0.06622661785325
v17,v86,0.14673479641336
v21,v86,0.25031308716088
v24,v86,0.06622661785325
v26,v86,0.06622661785325
v38,v86,0.09365858115817
v39,v86,0.13834289277321
v43,v86,0.11470786693528
v44,v86,0.09365858115817
v45,v86,0.05923488777591
v54,v86,0.10259783520852
v55,v86,0.06622661785325
v61,v86,0.09365858115817
v65,v86,0.18731716231634
v69,v86,0.10259783520852
v71,v86,0.072547625011
v77,v86,0.21629522817435
v79,v86,0.06362847629758
v83,v86,0.11470786693528
v87,v86,0.15294382258037
v90,v86,0.32444284226153
v93,v86,0.34684398780965
v94,v86,0.08111071056538
v98,v86,0.05564148840747
v2,v87,0.11111111111111
v10,v87,0.10540925533895
v13,v87,0.11111111111111
v14,v87,0.17817416127495
v16,v87,0.09622504486494
v19,v87,0.06299407883487
v21,v87,0.07273929674533
v22,v87,0.07106690545187
v24,v87,0.19245008972988
v27,v87,0.11785113019776
v28,v87,0.07453559924999
v29,v87,0.06950480468569
v36,v87,0.13608276348795
v38,v87,0.27216552697591
v40,v87,0.11785113019776
v42,v87,0.11111111111111
v46,v87,0.10050378152592
v48,v87,0.13608276348795
v49,v87,0.10540925533895
v50,v87,0.08333333333333
v55,v87,0.19245008972988
v57,v87,0.08908708063747
v58,v87,0.21081851067789
v64,v87,0.16666666666667
v81,v87,0.13608276348795
v82,v87,0.13608276348795
v86,v87,0.15294382258037
v95,v87,0.13608276348795
v98,v87,0.24253562503633
v105,v87,0.10540925533895
v109,v87,0.14907119849999
v110,v87,0.17817416127495
v2,v88,0.12598815766974
v5,v88,0.14285714285714
v30,v88,0.13363062095621
v31,v88,0.07881104062391
v44,v88,0.15430334996209
v46,v88,0.11396057645964
v50,v88,0.09449111825231
v107,v88,0.15430334996209
v15,v90,0.11785113019776
v17,v90,0.07537783614444
v21,v90,0.15430334996209
v54,v90,0.15811388300842
v55,v90,0.10206207261597
v65,v90,0.14433756729741
v71,v90,0.11180339887499
v77,v90,0.25
v79,v90,0.09805806756909
v86,v90,0.32444284226153
v93,v90,0.26726124191242
v5,v91,0.26726124191242
v26,v91,0.20412414523193
v42,v91,0.23570226039552
v65,v91,0.28867513459481
v68,v91,0.40824829046386
v15,v93,0.12598815766974
v21,v93,0.16495721976846
v28,v93,0.08451542547285
v47,v93,0.13363062095621
v54,v93,0.1690308509457
v55,v93,0.109108945118
v57,v93,0.10101525445522
v61,v93,0.15430334996209
v65,v93,0.15430334996209
v71,v93,0.11952286093344
v77,v93,0.26726124191242
v79,v93,0.10482848367219
v86,v93,0.34684398780965
v90,v93,0.26726124191242
v97,v93,0.15430334996209
v83,v94,0.17677669529664
v86,v94,0.08111071056538
v97,v94,0.28867513459481
v98,v94,0.08574929257125
v105,v94,0.11180339887499
v10,v95,0.12909944487358
v13,v95,0.13608276348795
v14,v95,0.21821789023599
v16,v95,0.11785113019776
v19,v95,0.07715167498105
v21,v95,0.08908708063747
v22,v95,0.08703882797785
v24,v95,0.23570226039552
v27,v95,0.14433756729741
v28,v95,0.09128709291753
v29,v95,0.08512565307587
v36,v95,0.16666666666667
v38,v95,0.33333333333333
v40,v95,0.14433756729741
v42,v95,0.13608276348795
v46,v95,0.12309149097933
v48,v95,0.16666666666667
v49,v95,0.12909944487358
v50,v95,0.10206207261597
v55,v95,0.11785113019776
v57,v95,0.109108945118
v58,v95,0.12909944487358
v77,v95,0.09622504486494
v81,v95,0.16666666666667
v82,v95,0.16666666666667
v84,v95,0.28867513459481
v87,v95,0.13608276348795
v98,v95,0.297044262893
v105,v95,0.12909944487358
v109,v95,0.18257418583506
v110,v95,0.21821789023599
v15,v96,0.17213259316477
v19,v96,0.09759000729485
v29,v96,0.10767638041163
v53,v96,0.14907119849999
v62,v96,0.17213259316477
v28,v97,0.09128709291753
v93,v97,0.15430334996209
v94,v97,0.28867513459481
v10,v98,0.30678599553895
v13,v98,0.24253562503633
v14,v98,0.3889222341313
v16,v98,0.2800560168056
v19,v98,0.13750477455423
v21,v98,0.26462806201248
v22,v98,0.15512630699851
v24,v98,0.4200840252084
v27,v98,0.25724787771376
v28,v98,0.16269784336399
v29,v98,0.15171652122725
v36,v98,0.297044262893
v38,v98,0.594088525786
v40,v98,0.25724787771376
v42,v98,0.24253562503633
v46,v98,0.21938172723814
v48,v98,0.297044262893
v49,v98,0.23008949665421
v50,v98,0.18190171877725
v55,v98,0.2100420126042
v57,v98,0.19446111706565
v58,v98,0.30678599553895
v65,v98,0.09901475429767
v81,v98,0.39605901719067
v82,v98,0.34655164004184
v83,v98,0.12126781251817
v86,v98,0.05564148840747
v87,v98,0.24253562503633
v94,v98,0.08574929257125
v95,v98,0.297044262893
v105,v98,0.23008949665421
v109,v98,0.32539568672798
v110,v98,0.3889222341313
v19,v99,0.14285714285714
v47,v99,0.26726124191242
v52,v99,0.12598815766974
v100,v99,0.18898223650461
v105,v99,0.11952286093344
v19,v100,0.18898223650461
v47,v100,0.17677669529664
v52,v100,0.16666666666667
v99,v100,0.18898223650461
v102,v100,0.37796447300923
v105,v100,0.15811388300842
v106,v100,0.20412414523193
v11,v101,0.2
v28,v101,0.2
v73,v101,0.18257418583506
v29,v102,0.15762208124782
v50,v102,0.09449111825231
v56,v102,0.10101525445522
v65,v102,0.15430334996209
v100,v102,0.37796447300923
v105,v102,0.11952286093344
v106,v102,0.15430334996209
v107,v102,0.15430334996209
v2,v103,0.29814239699997
v6,v103,0.2
v13,v103,0.14907119849999
v22,v103,0.09534625892456
v27,v103,0.15811388300842
v30,v103,0.31622776601684
v46,v103,0.13483997249265
v49,v103,0.14142135623731
v78,v103,0.22360679774998
v80,v103,0.1690308509457
v83,v103,0.22360679774998
v105,v103,0.14142135623731
v107,v103,0.18257418583506
v28,v104,0.22360679774998
v30,v104,0.17677669529664
v45,v104,0.12909944487358
v46,v104,0.30151134457776
v2,v105,0.10540925533895
v10,v105,0.1
v13,v105,0.10540925533895
v14,v105,0.1690308509457
v16,v105,0.09128709291753
v19,v105,0.17928429140016
v21,v105,0.06900655593424
v22,v105,0.06741998624632
v24,v105,0.18257418583506
v27,v105,0.11180339887499
v28,v105,0.07071067811865
v29,v105,0.13187609467916
v30,v105,0.22360679774998
v36,v105,0.12909944487358
v38,v105,0.25819888974716
v40,v105,0.11180339887499
v42,v105,0.10540925533895
v46,v105,0.19069251784912
v47,v105,0.11180339887499
v48,v105,0.12909944487358
v49,v105,0.2
v50,v105,0.07905694150421
v52,v105,0.10540925533895
v55,v105,0.09128709291753
v56,v105,0.1690308509457
v57,v105,0.1690308509457
v58,v105,0.1
v81,v105,0.12909944487358
v82,v105,0.12909944487358
v87,v105,0.10540925533895
v94,v105,0.11180339887499
v95,v105,0.12909944487358
v98,v105,0.23008949665421
v99,v105,0.11952286093344
v100,v105,0.15811388300842
v102,v105,0.11952286093344
v103,v105,0.14142135623731
v107,v105,0.12909944487358
v109,v105,0.14142135623731
v110,v105,0.25354627641856
v9,v106,0.20412414523193
v17,v106,0.08703882797785
v56,v106,0.21821789023599
v100,v106,0.20412414523193
v102,v106,0.15430334996209
v2,v107,0.27216552697591
v13,v107,0.13608276348795
v30,v107,0.57735026918963
v31,v107,0.08512565307587
v32,v107,0.14433756729741
v33,v107,0.13608276348795
v46,v107,0.12309149097933
v49,v107,0.12909944487358
v82,v107,0.08333333333333
v88,v107,0.15430334996209
v102,v107,0.15430334996209
v103,v107,0.18257418583506
v105,v107,0.12909944487358
v110,v107,0.109108945118
v28,v108,0.11180339887499
v10,v109,0.14142135623731
v13,v109,0.14907119849999
v14,v109,0.23904572186688
v16,v109,0.12909944487358
v19,v109,0.08451542547285
v21,v109,0.09759000729485
v22,v109,0.09534625892456
v24,v109,0.25819888974716
v27,v109,0.31622776601684
v28,v109,0.1
v29,v109,0.09325048082403
v36,v109,0.27386127875258
v38,v109,0.36514837167011
v40,v109,0.15811388300842
v42,v109,0.14907119849999
v46,v109,0.13483997249265
v48,v109,0.18257418583506
v49,v109,0.14142135623731
v50,v109,0.11180339887499
v55,v109,0.12909944487358
v57,v109,0.11952286093344
v58,v109,0.14142135623731
v61,v109,0.18257418583506
v63,v109,0.14907119849999
v79,v109,0.12403473458921
v81,v109,0.18257418583506
v82,v109,0.18257418583506
v87,v109,0.14907119849999
v95,v109,0.18257418583506
v98,v109,0.32539568672798
v105,v109,0.14142135623731
v110,v109,0.23904572186688
v2,v110,0.08908708063747
v10,v110,0.1690308509457
v13,v110,0.17817416127495
v14,v110,0.28571428571429
v15,v110,0.08908708063747
v16,v110,0.23145502494314
v19,v110,0.10101525445522
v21,v110,0.11664236870396
v22,v110,0.11396057645964
v24,v110,0.30860669992418
v27,v110,0.28347335475692
v28,v110,0.11952286093344
v29,v110,0.11145564251507
v30,v110,0.09449111825231
v36,v110,0.21821789023599
v38,v110,0.54554472558998
v40,v110,0.18898223650461
v42,v110,0.17817416127495
v46,v110,0.24174688920761
v48,v110,0.21821789023599
v49,v110,0.1690308509457
v50,v110,0.13363062095621
v55,v110,0.15430334996209
v57,v110,0.14285714285714
v58,v110,0.1690308509457
v81,v110,0.21821789023599
v82,v110,0.27277236279499
v87,v110,0.17817416127495
v95,v110,0.21821789023599
v98,v110,0.3889222341313
v105,v110,0.25354627641856
v107,v110,0.109108945118
v109,v110,0.23904572186688
